[{"image_id":"94a3c70b35444b3191ca06b9a4fac782","pose":[-0.892398,-0.0510243,0.448358,4.82923,-0.449264,0.00730954,-0.89337,-2.72849,0.042306,-0.998671,-0.0294473,1.50329,0,0,0,1],"included":true,"visible":[false,false,false,false,true,false,true,false,false,true,true,true,false,false,false,false,true,false,false,true,true,false,false,false,false,true,false,false,false,false,true,false,true,false,false,false,false,false,true,false,false,false,false,false,true,false,false,true,true,true,false,true,false,true,false,false,false,true,false,false,false,false,false,false,false,false,false,false,false,false,true],"unobstructed":[false,false,false,false,false,false,false,false,false,false,true,true,false,false,false,false,false,false,false,false,false,false,false,false,false,false,false,false,false,false,false,false,false,false,false,false,false,false,true,false,false,false,false,false,true,false,false,true,false,true,false,false,false,false,false,false,false,false,false,false,false,false,false,false,false,false,false,false,false,false,false],"height":1.5345344231826314},{"image_id":"dbd219920e0d4b44a85e550ca51cc56a","pose":[0.211453,0.0155177,0.977266,5.31289,-0.976334,-0.0431011,0.211936,0.552337,0.0454097,-0.998951,0.00603567,1.51377,0,0,0,1],"included":true,"visible":[false,false,false,false,false,false,false,false,false,false,false,false,false,false,false,false,false,false,false,false,false,false,false,false,false,false,false,false,false,true,false,false,false,false,false,false,false,false,false,false,false,false,false,false,false,false,false,false,false,false,false,false,false,false,false,false,false,false,false,false,false,false,false,false,false,false,false,false,false,false,false],"unobstructed":[false,false,false,false,false,false,false,false,false,false,false,false,false,false,false,false,false,false,false,false,false,false,false,false,false,false,false,false,false,true,false,false,false,false,false,false,false,false,false,false,false,false,false,false,false,false,false,false,false,false,false,false,false,false,false,false,false,false,false,false,false,false,false,false,false,false,false,false,false,false,false],"height":1},{"image_id":"ff3ed1ef732845839881115ed38d331f","pose":[-0.986595,-0.00807543,-0.162996,5.55903,0.162883,0.0131325,-0.986559,-6.41344,0.0101072,-0.999882,-0.0116421,4.07294,0,0,0,1],"included":true,"visible":[false,false,false,true,false,true,true,true,false,true,true,true,true,true,false,false,false,true,true,true,true,false,false,false,false,true,true,false,true,false,true,true,true,false,false,false,true,false,false,false,true,false,false,false,false,true,true,false,false,false,false,true,true,false,true,false,false,true,false,false,true,false,false,false,true,false,false,false,false,false,true],"unobstructed":[false,false,false,false,false,false,false,true,false,false,false,false,false,false,false,false,false,false,true,true,false,false,false,false,false,false,false,false,false,false,false,false,false,false,false,false,false,false,false,false,true,false,false,false,false,false,false,false,false,false,false,false,false,false,false,false,false,false,false,false,false,false,false,false,false,false,false,false,false,false,false],"height":1.3792765042200368},{"image_id":"0afa10e3865a482684ff822f9678e32c","pose":[0.353703,-0.00503306,0.935345,0.913877,-0.93521,-0.01976,0.353545,-3.98476,0.0167028,-0.999793,-0.0116971,4.96256,0,0,0,1],"included":true,"visible":[false,false,true,false,false,true,false,true,false,false,false,false,false,false,false,true,false,false,true,false,false,false,false,false,false,false,true,false,false,false,false,false,false,false,false,false,true,false,false,false,true,false,false,false,false,true,false,false,false,false,false,false,false,false,true,false,false,false,false,false,true,false,false,true,true,false,false,false,true,false,false],"unobstructed":[false,false,false,false,false,false,false,false,false,false,false,false,false,false,false,true,false,false,false,false,false,false,false,false,false,false,false,false,false,false,false,false,false,false,false,false,true,false,false,false,false,false,false,false,false,false,false,false,false,false,false,false,false,false,false,false,false,false,false,false,false,false,false,false,false,false,false,false,false,false,false],"height":1.565349757646004},{"image_id":"01b9f3583d5e45739e01e0b3cfe21c09","pose":[0.999479,0.00164608,0.0322638,4.37689,-0.0322436,-0.011265,0.999417,-6.49865,0.00200831,-0.999936,-0.011207,2.3031,0,0,0,1],"included":true,"visible":[true,false,false,false,false,false,true,false,true,true,true,false,false,true,false,false,false,true,false,true,true,false,false,false,false,false,false,false,false,false,true,false,true,false,false,true,false,true,true,false,false,false,false,false,true,false,false,true,true,true,false,true,false,false,false,false,true,false,false,false,false,false,false,false,false,false,false,false,false,true,true],"unobstructed":[false,false,false,false,false,false,false,false,false,false,false,false,false,false,false,false,false,false,false,true,false,false,false,false,false,false,false,false,false,false,false,false,false,false,false,false,false,false,false,false,false,false,false,false,false,false,false,false,true,false,false,false,false,false,false,false,false,false,false,false,false,false,false,false,false,false,false,false,false,false,false],"height":1.3326144354000302},{"image_id":"5fdff4b578f24ff98a213299f3d91576","pose":[-0.00949135,0.00487759,-0.999944,12.0956,0.999956,0.000641101,-0.00948865,-4.40841,0.00059452,-0.999989,-0.00488441,5.03424,0,0,0,1],"included":true,"visible":[false,false,true,true,false,false,false,true,false,false,false,false,false,false,false,false,false,true,true,true,false,true,true,false,false,false,true,false,false,false,false,true,false,false,false,false,true,false,false,false,true,false,false,false,false,true,false,false,false,false,false,false,false,false,true,false,false,false,false,false,true,true,false,true,true,false,false,false,true,false,false],"unobstructed":[false,false,false,false,false,false,false,false,false,false,false,false,false,false,false,false,false,false,false,false,false,false,true,false,false,false,true,false,false,false,false,true,false,false,false,false,false,false,false,false,false,false,false,false,false,false,false,false,false,false,false,false,false,false,false,false,false,false,false,false,true,false,false,false,false,false,false,false,false,false,false],"height":1.563399882924057},{"image_id":"88f290e95cfa4348a09ffc1a3661055e","pose":[-0.832532,0.00546993,-0.553951,13.12,0.553948,0.0187466,-0.832341,-6.25799,0.00583157,-0.99981,-0.0186381,1.53838,0,0,0,1],"included":true,"visible":[true,false,false,false,true,false,false,false,false,false,true,true,false,true,false,false,true,true,false,true,true,false,false,false,false,true,false,false,false,true,false,false,true,false,false,false,false,true,true,false,false,false,false,true,true,false,false,true,true,true,true,true,false,true,false,false,false,true,false,false,false,false,false,false,false,false,false,false,false,true,true],"unobstructed":[false,false,false,false,false,false,false,false,false,true,true,false,false,true,false,false,false,false,false,false,true,false,false,false,false,true,false,false,false,false,true,false,true,false,false,false,false,true,false,false,false,false,false,false,false,false,false,false,false,false,false,true,false,false,false,false,false,true,false,false,false,false,false,false,false,false,false,false,false,true,true],"height":1.5597217322252848},{"image_id":"9d691cb5fdfc46d995836e1ea82465d7","pose":[-0.0190618,-0.0212608,0.999593,4.31417,-0.999818,0.00226975,-0.0190175,-4.31778,-0.00186476,-0.999772,-0.0213011,5.02658,0,0,0,1],"included":true,"visible":[false,false,true,true,false,true,false,false,false,false,false,false,false,true,false,true,false,false,true,true,false,false,false,false,false,true,true,false,false,false,true,false,false,false,false,false,true,false,false,false,true,false,false,false,false,true,false,false,false,false,false,false,false,false,true,false,false,false,false,false,true,false,false,true,true,false,false,false,true,false,false],"unobstructed":[false,false,true,false,false,false,false,false,false,false,false,false,false,false,false,true,false,false,true,false,false,false,false,false,false,false,false,false,false,false,false,false,false,false,false,false,false,false,false,false,true,false,false,false,false,false,false,false,false,false,false,false,false,false,false,false,false,false,false,false,false,false,false,false,true,false,false,false,false,false,false],"height":1.567380662074763},{"image_id":"87b17b69a95345c99db402e0dc40e4ce","pose":[-0.00308925,0.00249078,-0.999993,0.0908329,0.999956,0.00898815,-0.00306705,-0.0993167,0.00898018,-0.999957,-0.00251939,1.51429,0,0,0,1],"included":true,"visible":[false,false,false,false,true,false,false,false,false,false,false,true,false,false,false,false,true,false,false,false,false,false,false,true,false,false,false,false,false,false,false,false,false,false,false,false,false,false,false,true,false,false,false,false,false,false,false,true,true,true,false,false,false,false,false,false,false,false,false,false,false,false,false,false,false,false,false,false,false,false,false],"unobstructed":[false,false,false,false,false,false,false,false,false,false,false,false,false,false,false,false,false,false,false,false,false,false,false,true,false,false,false,false,false,false,false,false,false,false,false,false,false,false,false,true,false,false,false,false,false,false,false,false,false,false,false,false,false,false,false,false,false,false,false,false,false,false,false,false,false,false,false,false,false,false,false],"height":1.5525518340957394},{"image_id":"80d5607f9e4c4b2f9da7930754258cfa","pose":[-0.168718,0.00135805,-0.985664,13.8769,0.984708,0.0442946,-0.168493,-4.74194,0.0434305,-0.999018,-0.00881154,1.50588,0,0,0,1],"included":true,"visible":[true,false,false,false,true,false,true,false,false,false,true,true,false,true,false,false,true,true,false,true,true,false,false,false,false,true,false,false,false,false,false,false,true,true,false,false,false,true,true,false,false,false,false,false,true,false,false,false,true,true,true,true,false,true,false,false,true,true,true,false,false,false,false,false,false,false,false,true,false,true,true],"unobstructed":[false,false,false,false,false,false,true,false,false,false,false,false,false,false,false,false,false,false,false,false,true,false,false,false,false,false,false,false,false,false,false,false,true,false,false,false,false,true,false,false,false,false,false,false,false,false,false,false,false,false,true,true,false,false,false,false,false,true,true,false,false,false,false,false,false,false,false,false,false,true,true],"height":1.5324677051877649},{"image_id":"cbcae92ea4b34638a877dda9b4bd7be6","pose":[-0.0478413,0.0040993,-0.998847,8.88611,0.997502,0.0522415,-0.0475627,-4.06309,0.051986,-0.998627,-0.00658932,1.50558,0,0,0,1],"included":true,"visible":[true,false,false,false,true,false,true,false,false,true,false,true,false,true,false,false,true,false,false,true,true,false,false,false,false,true,false,false,false,true,true,false,true,false,false,true,false,true,true,false,false,false,false,true,true,false,false,true,true,true,false,true,false,true,false,false,true,true,false,false,false,false,false,false,false,false,false,false,false,true,true],"unobstructed":[true,false,false,false,false,false,true,false,false,false,false,false,false,false,false,false,false,false,false,false,true,false,false,false,false,false,false,false,false,false,false,false,false,false,false,false,false,false,false,false,false,false,false,true,true,false,false,true,false,false,false,false,false,false,false,false,false,true,false,false,false,false,false,false,false,false,false,false,false,false,false],"height":1.5262891233856966},{"image_id":"cfb1d3bfd87d4e87a115ad9553e7a0df","pose":[0.0587386,0.00171526,-0.998272,0.740915,0.998266,0.00401951,0.0587447,-3.88643,0.00411306,-0.999991,-0.00147714,1.51653,0,0,0,1],"included":true,"visible":[true,false,false,false,true,false,true,false,true,true,true,false,false,false,false,false,true,true,false,false,true,false,false,true,false,false,false,false,false,false,false,false,true,false,false,true,false,false,true,true,false,false,false,false,true,false,false,true,true,true,false,true,false,true,false,false,false,false,false,false,false,false,false,false,false,false,false,false,false,false,true],"unobstructed":[true,false,false,false,false,false,false,false,false,false,false,false,false,false,false,false,true,false,false,false,false,false,false,false,false,false,false,false,false,false,false,false,false,false,false,false,false,false,false,true,false,false,false,false,false,false,false,false,true,true,false,false,false,true,false,false,false,false,false,false,false,false,false,false,false,false,false,false,false,false,false],"height":1.545062467737885},{"image_id":"cb0762e9b6af4891b7be36942549586f","pose":[-0.989901,-0.00887659,0.141493,6.61343,-0.141617,0.0153723,-0.989803,-3.4216,0.00661074,-0.999843,-0.016475,5.02835,0,0,0,1],"included":true,"visible":[false,false,true,false,false,false,false,false,false,false,false,false,false,false,false,false,false,false,true,true,false,false,false,false,true,false,false,true,true,false,false,false,false,false,false,false,false,false,false,false,true,false,false,false,false,true,false,false,false,false,false,false,false,false,false,false,false,false,false,false,false,false,false,false,false,false,false,false,false,false,false],"unobstructed":[false,false,false,false,false,false,false,false,false,false,false,false,false,false,false,false,false,false,true,false,false,false,false,false,false,false,false,true,true,false,false,false,false,false,false,false,false,false,false,false,true,false,false,false,false,true,false,false,false,false,false,false,false,false,false,false,false,false,false,false,false,false,false,false,false,false,false,false,false,false,false],"height":1.5581797346587845},{"image_id":"a8cab750a6ac49f38a432d5fab1f2859","pose":[-0.997755,-0.0161646,-0.0650001,12.6003,0.0647846,0.0135321,-0.997808,-8.20079,0.0170085,-0.999778,-0.0124555,1.61087,0,0,0,1],"included":true,"visible":[true,false,true,false,true,false,true,false,false,false,true,true,false,false,false,false,false,true,false,true,true,false,false,false,false,false,false,false,false,true,true,false,true,false,false,false,false,true,false,true,false,false,false,true,true,false,false,false,false,false,true,true,true,true,false,false,false,true,true,false,false,false,false,false,false,false,false,true,false,true,true],"unobstructed":[false,false,false,false,false,false,true,false,false,false,false,false,false,false,false,false,false,true,false,false,true,false,false,false,false,false,false,false,false,false,true,false,true,false,false,false,false,false,false,false,false,false,false,false,false,false,false,false,false,false,false,true,false,false,false,false,false,true,false,false,false,false,false,false,false,false,false,false,false,false,true],"height":1.6378854064698216},{"image_id":"a384085cd16d4f219eb71221b79a7a60","pose":[-0.95567,-0.00396427,0.294417,13.5554,-0.294419,-0.000071621,-0.955677,-7.39623,0.00380938,-0.999993,-0.00109967,5.03641,0,0,0,1],"included":true,"visible":[false,false,false,false,false,false,false,false,false,false,false,false,false,false,false,false,false,false,false,false,false,false,false,false,false,false,false,false,false,false,false,false,false,false,false,false,false,false,false,false,false,false,false,false,false,false,false,false,false,false,false,false,false,false,false,false,false,false,false,true,false,false,false,false,false,false,false,false,true,false,false],"unobstructed":[false,false,false,false,false,false,false,false,false,false,false,false,false,false,false,false,false,false,false,false,false,false,false,false,false,false,false,false,false,false,false,false,false,false,false,false,false,false,false,false,false,false,false,false,false,false,false,false,false,false,false,false,false,false,false,false,false,false,false,true,false,false,false,false,false,false,false,false,false,false,false],"height":1.5482298559678647},{"image_id":"7000630abdbb44309bcacc7593564300","pose":[-0.33543,-0.0203109,0.941847,0.997612,-0.941873,-0.0130341,-0.33572,-6.01655,0.0190946,-0.999709,-0.0147592,4.97413,0,0,0,1],"included":true,"visible":[false,false,false,true,false,false,false,true,false,false,false,false,false,false,false,false,false,false,false,false,false,false,false,false,false,false,false,false,false,false,false,true,false,false,false,false,true,false,false,false,true,false,false,false,false,false,false,false,false,false,false,false,false,false,false,false,false,false,false,false,false,false,false,false,true,false,false,false,false,false,false],"unobstructed":[false,false,false,true,false,false,false,true,false,false,false,false,false,false,false,false,false,false,false,false,false,false,false,false,false,false,false,false,false,false,false,false,false,false,false,false,true,false,false,false,false,false,false,false,false,false,false,false,false,false,false,false,false,false,false,false,false,false,false,false,false,false,false,false,true,false,false,false,false,false,false],"height":1.5580595657529601},{"image_id":"5278ace992664bbcb69d686a7be2c3b3","pose":[-0.471449,-0.0320814,-0.88131,1.08165,0.880895,0.0304325,-0.472335,-5.6905,0.0419733,-0.999022,0.013912,1.50885,0,0,0,1],"included":true,"visible":[true,false,false,false,true,false,true,false,true,true,true,true,false,true,false,false,false,false,false,false,true,false,false,true,false,false,false,false,false,false,true,false,true,false,false,true,false,true,true,true,false,false,false,false,true,false,false,false,true,true,false,true,false,true,false,false,false,true,false,false,false,false,false,false,false,false,false,false,false,true,true],"unobstructed":[false,false,false,false,false,false,false,false,false,false,false,true,false,false,false,false,false,false,false,false,false,false,false,false,false,false,false,false,false,false,false,false,false,false,false,false,false,false,true,false,false,false,false,false,false,false,false,false,true,true,false,false,false,true,false,false,false,false,false,false,false,false,false,false,false,false,false,false,false,false,false],"height":1.0949424460340147},{"image_id":"0e6ac078acf94f37addd92a848bf1558","pose":[-0.0642512,0.00744254,-0.997907,8.77328,0.995897,0.0643559,-0.063642,-7.94117,0.0637472,-0.9979,-0.0115479,1.50231,0,0,0,1],"included":true,"visible":[true,false,true,false,true,false,true,false,false,true,false,true,false,true,false,false,false,false,false,false,true,false,false,true,false,false,false,false,false,false,false,false,true,false,false,false,false,true,true,true,false,false,false,false,true,false,false,true,true,true,false,true,true,false,false,false,true,true,true,false,false,false,false,false,false,false,false,false,false,true,true],"unobstructed":[false,false,false,false,false,false,false,false,false,false,false,false,false,true,false,false,false,false,false,false,true,false,false,false,false,false,false,false,false,false,false,false,false,false,false,false,false,false,false,false,false,false,false,false,true,false,false,true,false,false,false,false,false,false,false,false,false,true,false,false,false,false,false,false,false,false,false,false,false,false,false],"height":1.5120037391152956},{"image_id":"c396a23da8b240d2a0bfcb1cd909abfc","pose":[0.314145,-0.0139975,0.949273,5.64469,-0.949376,-0.00530721,0.314101,-4.97961,0.000641092,-0.999889,-0.0149571,5.03024,0,0,0,1],"included":true,"visible":[false,false,true,true,false,true,false,true,false,false,false,false,true,true,false,false,false,true,false,true,false,false,false,false,false,true,true,false,true,false,true,true,false,false,false,false,true,false,false,false,true,false,false,false,false,true,false,false,false,false,false,true,true,false,true,false,false,true,false,false,true,false,false,true,true,false,false,false,true,false,false],"unobstructed":[false,false,true,false,false,false,false,true,false,false,false,false,true,false,false,false,false,false,false,false,false,false,false,false,false,false,false,false,false,false,false,false,false,false,false,false,false,false,false,false,true,false,false,false,false,true,false,false,false,false,false,false,false,false,false,false,false,false,false,false,false,false,false,false,false,false,false,false,false,false,false],"height":1.5651855641996857},{"image_id":"fc188c1c407146ce88db33e41d932cae","pose":[0.405902,0.00404967,-0.913908,4.75107,0.913907,0.0030735,0.405915,-8.34341,0.00445245,-0.999988,-0.00245443,3.27877,0,0,0,1],"included":true,"visible":[true,false,true,false,true,true,true,true,false,true,false,false,false,true,false,false,false,true,true,false,true,false,false,false,false,true,true,false,false,false,true,false,true,false,false,false,false,true,true,false,true,false,false,false,false,true,false,false,true,true,false,true,true,false,false,false,true,false,true,false,false,false,false,false,false,false,false,false,false,true,true],"unobstructed":[false,false,true,false,true,false,false,false,false,false,false,false,false,false,false,false,false,false,false,false,false,false,false,false,false,false,false,false,false,false,false,false,false,false,false,false,false,false,false,false,false,false,false,false,false,false,false,false,false,false,false,false,false,false,false,false,false,false,false,false,false,false,false,false,false,false,false,false,false,false,false],"height":1.5267321335743695},{"image_id":"9a1dfb5fc5c148d2b600e7789446089d","pose":[0.243404,0.00352406,-0.969919,11.1079,0.968646,0.0504699,0.243268,-4.05172,0.0498087,-0.99872,0.00887004,1.4998,0,0,0,1],"included":true,"visible":[true,false,false,false,true,false,true,false,false,true,true,true,false,true,false,false,true,false,false,false,false,false,false,false,false,true,false,false,false,true,true,false,true,false,false,true,false,true,true,false,false,false,false,true,true,false,false,true,true,true,false,true,false,true,false,false,true,true,true,false,false,false,false,false,false,false,false,false,false,true,true],"unobstructed":[false,false,false,false,false,false,true,false,false,true,true,false,false,true,false,false,false,true,false,false,false,false,false,false,false,false,false,false,false,false,false,false,false,false,false,false,false,true,false,false,false,false,false,true,false,false,false,false,false,false,false,false,false,false,false,false,false,true,false,false,false,false,false,false,false,false,false,false,false,false,true],"height":1.5274871709804498},{"image_id":"8a3f2a5d30b847b7ae94eb24d5d9c8e5","pose":[-0.999808,0.00000791531,-0.0196726,12.2769,0.0196702,0.0169547,-0.999663,-0.923832,0.000325371,-0.999857,-0.0169526,5.04185,0,0,0,1],"included":true,"visible":[false,false,false,false,false,true,false,false,false,false,false,false,false,false,false,false,false,false,false,false,false,false,true,false,false,false,false,false,false,false,false,false,false,false,true,false,false,false,false,false,false,false,false,false,false,false,false,false,false,false,false,false,false,false,false,false,false,false,false,false,false,true,false,false,false,false,false,false,false,false,false],"unobstructed":[false,false,false,false,false,false,false,false,false,false,false,false,false,false,false,false,false,false,false,false,false,false,true,false,false,false,false,false,false,false,false,false,false,false,true,false,false,false,false,false,false,false,false,false,false,false,false,false,false,false,false,false,false,false,false,false,false,false,false,false,false,true,false,false,false,false,false,false,false,false,false],"height":1.5597275379519262},{"image_id":"0608309a14594ef9ac53c26b9e03a1ae","pose":[-0.993271,-0.00401388,-0.115755,12.1941,0.11573,0.00604754,-0.993263,-3.28693,0.00468661,-0.999974,-0.00554327,5.03752,0,0,0,1],"included":true,"visible":[false,false,false,false,false,true,false,false,false,false,false,false,false,false,false,false,false,false,false,false,false,true,false,false,false,false,false,false,false,false,false,false,false,true,true,false,false,false,false,false,false,false,false,false,false,false,false,false,false,false,false,false,false,false,true,false,false,false,false,false,true,true,false,true,false,false,false,false,true,false,false],"unobstructed":[false,false,false,false,false,true,false,false,false,false,false,false,false,false,false,false,false,false,false,false,false,true,false,false,false,false,false,false,false,false,false,false,false,false,true,false,false,false,false,false,false,false,false,false,false,false,false,false,false,false,false,false,false,false,true,false,false,false,false,false,true,true,false,false,false,false,false,false,false,false,false],"height":1.5597393586411292},{"image_id":"36c44dae3ab4415788edc1803558aec0","pose":[-0.155875,0.0275393,-0.987393,-0.895294,0.986986,-0.0356755,-0.156806,0.496956,-0.0395443,-0.998985,-0.0216209,1.50098,0,0,0,1],"included":true,"visible":[false,false,false,false,true,false,false,false,true,false,false,true,false,false,false,false,true,true,false,false,false,false,false,false,false,false,false,false,false,false,false,false,false,false,false,false,false,false,false,true,false,false,false,false,false,false,false,true,true,true,false,false,false,false,false,false,false,false,false,false,false,false,false,false,false,false,false,false,false,false,false],"unobstructed":[false,false,false,false,false,false,false,false,true,false,false,false,false,false,false,false,false,false,false,false,false,false,false,false,false,false,false,false,false,false,false,false,false,false,false,false,false,false,false,true,false,false,false,false,false,false,false,false,false,false,false,false,false,false,false,false,false,false,false,false,false,false,false,false,false,false,false,false,false,false,false],"height":1.5518382966166768},{"image_id":"41fbb6cadff540b48fcb2021bcca9364","pose":[-0.97823,-0.0104716,0.207263,6.49156,-0.207406,0.0151187,-0.978139,-0.266035,0.00710881,-0.999831,-0.0169624,5.0358,0,0,0,1],"included":true,"visible":[false,false,false,false,false,false,false,false,false,false,false,false,true,false,false,false,false,false,false,false,false,false,false,false,false,false,false,true,true,false,false,false,false,false,false,false,false,false,false,false,true,false,false,false,false,false,true,false,false,false,false,false,false,false,false,false,false,false,false,false,false,false,true,false,false,false,false,false,false,false,false],"unobstructed":[false,false,false,false,false,false,false,false,false,false,false,false,false,false,false,false,false,false,false,false,false,false,false,false,false,false,false,true,true,false,false,false,false,false,false,false,false,false,false,false,false,false,false,false,false,false,true,false,false,false,false,false,false,false,false,false,false,false,false,false,false,false,true,false,false,false,false,false,false,false,false],"height":1.5633924628587241},{"image_id":"4d495340c0d8412f8665e58ecf3cb59f","pose":[0.784043,0.0304487,-0.61996,17.2899,0.620189,0.00240094,0.78445,-8.32208,0.0253737,-0.999534,-0.0170025,1.67167,0,0,0,1],"included":true,"visible":[true,false,false,false,true,false,false,false,false,true,true,false,false,false,false,false,false,true,false,true,false,false,false,false,false,false,false,false,false,false,true,false,true,false,false,true,false,true,true,false,false,false,false,false,true,false,false,true,false,false,true,true,true,true,false,false,true,true,true,false,false,false,false,false,false,false,false,true,false,false,true],"unobstructed":[false,false,false,false,false,false,true,false,false,false,false,false,false,false,false,false,false,false,false,false,false,false,false,false,false,false,false,false,false,false,false,false,true,false,false,false,false,false,false,false,false,false,false,false,false,false,false,false,false,false,false,true,false,false,false,false,false,false,true,false,false,false,false,false,false,false,false,false,false,false,false],"height":1.6615513116523155},{"image_id":"f15cd6746d1f4b7a804ede38d47cfa03","pose":[0.01448,0.0170807,-0.99975,10.7145,0.999894,0.00173651,0.0145114,-4.42966,0.00198368,-0.999853,-0.0170547,5.03436,0,0,0,1],"included":true,"visible":[false,false,true,true,false,true,false,true,false,false,false,false,false,false,false,false,false,true,true,true,false,false,false,false,false,false,false,false,false,false,false,true,false,false,false,false,true,false,false,false,true,false,false,false,false,true,false,false,false,false,false,false,false,false,true,false,false,false,false,false,true,false,false,true,true,false,false,false,true,false,false],"unobstructed":[false,false,false,false,false,true,false,false,false,false,false,false,false,false,false,false,false,false,false,false,false,false,false,false,false,false,false,false,false,false,false,true,false,false,false,false,false,false,false,false,false,false,false,false,false,true,false,false,false,false,false,false,false,false,false,false,false,false,false,false,false,false,false,false,false,false,false,false,false,false,false],"height":1.5650062994790517},{"image_id":"b7ced3f4cbdb41eeb88825c7c632060e","pose":[-0.964018,0.000602364,-0.265841,4.29036,0.265808,0.0183846,-0.963852,-2.35128,0.00430654,-0.999831,-0.0178841,5.0234,0,0,0,1],"included":true,"visible":[false,false,false,false,false,false,false,false,false,false,false,false,true,false,false,false,false,false,false,false,false,false,false,false,true,false,false,false,true,false,false,false,false,false,false,false,false,false,false,false,false,false,false,false,false,true,true,false,false,false,false,false,false,false,false,false,false,false,false,false,false,false,false,false,false,false,false,false,false,false,false],"unobstructed":[false,false,false,false,false,false,false,false,false,false,false,false,true,false,false,false,false,false,false,false,false,false,false,false,true,false,false,false,true,false,false,false,false,false,false,false,false,false,false,false,false,false,false,false,false,false,true,false,false,false,false,false,false,false,false,false,false,false,false,false,false,false,false,false,false,false,false,false,false,false,false],"height":1.5412802006930013},{"image_id":"6dec3cb690e24470a108893fc88ec52b","pose":[-0.905272,-0.00325416,0.424823,6.85866,-0.424832,0.00293263,-0.905268,-2.22182,0.00169977,-0.999991,-0.00403825,5.03288,0,0,0,1],"included":true,"visible":[false,false,false,false,false,false,false,false,false,false,false,false,true,false,false,false,false,false,true,false,false,false,false,false,true,false,false,true,false,false,false,false,false,false,false,false,false,false,false,false,true,false,false,false,false,false,false,false,false,false,false,false,false,false,false,false,false,false,false,false,false,false,false,false,false,false,false,false,false,false,false],"unobstructed":[false,false,false,false,false,false,false,false,false,false,false,false,true,false,false,false,false,false,false,false,false,false,false,false,true,false,false,true,false,false,false,false,false,false,false,false,false,false,false,false,false,false,false,false,false,false,false,false,false,false,false,false,false,false,false,false,false,false,false,false,false,false,false,false,false,false,false,false,false,false,false],"height":1.561178539977766},{"image_id":"565f7e74c6074380b1e3b535a759661c","pose":[0.115102,-0.0283158,0.99295,6.15825,-0.99235,-0.0482279,0.113657,0.6747,0.0446693,-0.998436,-0.0336513,1.51436,0,0,0,1],"included":true,"visible":[false,true,false,false,false,false,true,false,false,false,true,false,false,true,false,false,false,false,false,false,true,false,false,false,false,false,false,false,false,false,true,false,false,false,false,false,false,false,false,false,false,false,false,false,false,false,false,false,false,false,false,false,false,false,false,false,false,true,false,false,false,false,false,false,false,false,false,false,false,false,false],"unobstructed":[false,true,false,false,false,false,false,false,false,false,false,false,false,false,false,false,false,false,false,false,false,false,false,false,false,false,false,false,false,false,false,false,false,false,false,false,false,false,false,false,false,false,false,true,false,false,false,false,false,false,false,false,false,false,false,false,false,false,false,false,false,false,false,false,false,false,false,false,false,false,false],"height":1.5653657080882537},{"image_id":"cb09a0f41b7746549d36806cf79f77a2","pose":[-0.844365,0.00476544,-0.535748,13.9095,0.535765,0.0116536,-0.844287,-8.49872,0.00221976,-0.999921,-0.012394,1.61454,0,0,0,1],"included":true,"visible":[true,false,true,false,true,false,true,false,false,false,true,false,false,true,false,false,false,true,false,true,true,false,false,false,false,true,false,false,false,true,false,false,true,false,false,true,false,true,true,true,false,false,false,true,false,false,false,false,false,true,true,true,true,true,false,false,false,true,true,false,false,false,false,false,false,false,false,true,false,false,true],"unobstructed":[false,false,false,false,false,false,true,false,false,false,false,false,false,true,false,false,false,false,false,false,false,false,false,false,false,false,false,false,false,false,false,false,true,false,false,false,false,false,false,false,false,false,false,false,false,false,false,false,false,false,false,true,true,false,false,false,false,true,false,false,false,false,false,false,false,false,false,false,false,false,false],"height":1.6419666004326716},{"image_id":"bd2827c564534256b48e64c1b9f4048f","pose":[-0.992976,0.00368696,-0.118272,9.54752,0.118329,0.0256661,-0.992643,-3.50287,-0.000624507,-0.999664,-0.025923,5.03981,0,0,0,1],"included":true,"visible":[false,false,true,false,false,true,false,false,false,false,false,false,false,false,false,true,false,false,true,true,false,false,false,false,false,false,true,false,false,false,false,false,false,false,false,false,false,false,false,false,true,false,false,false,false,true,false,false,false,false,false,false,false,false,false,false,false,false,false,false,false,false,false,false,false,false,false,false,false,false,false],"unobstructed":[false,false,false,false,false,true,false,false,false,false,false,false,false,false,false,false,false,false,false,false,false,false,false,false,false,false,true,false,false,false,false,false,false,false,false,false,false,false,false,false,true,false,false,false,false,true,false,false,false,false,false,false,false,false,false,false,false,false,false,false,false,false,false,false,false,false,false,false,false,false,false],"height":1.5762502934474334},{"image_id":"399b73c997ad4dea8873f298737f2f2c","pose":[0.0626331,0.0255949,-0.997709,15.8439,0.998007,-0.00944578,0.0624091,-4.61009,-0.00782704,-0.999628,-0.0261364,1.52474,0,0,0,1],"included":true,"visible":[true,false,true,false,true,false,false,false,false,true,true,true,false,false,false,false,true,true,false,true,true,false,false,false,false,true,false,false,false,false,true,false,false,true,false,false,false,true,true,false,false,false,false,false,true,false,false,false,true,true,false,true,true,true,false,false,false,true,true,false,false,false,false,false,false,false,false,false,false,false,true],"unobstructed":[false,false,false,false,false,false,true,false,false,true,false,false,false,true,false,false,false,false,false,false,false,false,false,false,false,true,false,false,false,false,true,false,false,false,false,false,false,true,false,false,false,false,false,false,false,false,false,false,false,false,true,true,false,false,false,false,false,false,false,false,false,false,false,false,false,false,false,false,false,false,true],"height":1},{"image_id":"0fa45532f291420e9275811772f05e49","pose":[-0.341164,0.00583946,-0.939986,15.7204,0.940003,0.00422126,-0.341144,-5.53585,0.00197557,-0.999975,-0.0069302,5.03634,0,0,0,1],"included":true,"visible":[false,false,false,false,false,false,true,false,false,true,false,false,false,false,false,false,false,false,false,false,false,false,true,false,false,false,false,false,false,false,false,false,true,false,false,false,false,false,false,false,false,false,true,false,false,false,false,false,false,false,false,true,false,false,true,false,false,true,false,true,true,false,false,true,false,false,false,false,true,false,false],"unobstructed":[false,false,false,false,false,false,false,false,false,false,false,false,false,false,false,false,false,false,false,false,false,false,false,false,false,false,false,false,false,false,false,false,false,false,false,false,false,false,false,false,false,false,true,false,false,false,false,false,false,false,false,false,false,false,true,false,false,false,false,true,true,false,false,true,false,false,false,false,false,false,false],"height":1},{"image_id":"19af47dcc7704297a6d5cbbcfb3ed3af","pose":[-0.0503785,0.0121457,-0.998657,13.5142,0.998632,0.0147437,-0.0501982,-1.8665,0.014114,-0.999818,-0.0128728,5.03535,0,0,0,1],"included":true,"visible":[false,false,false,false,false,false,false,false,false,false,false,false,false,false,false,false,false,false,false,false,false,true,true,false,false,false,false,false,false,false,false,false,false,false,false,false,false,false,false,false,false,false,false,false,false,false,false,false,false,false,false,false,false,false,false,false,false,false,false,false,false,true,false,false,false,false,false,false,false,false,false],"unobstructed":[false,false,false,false,false,false,false,false,false,false,false,false,false,false,false,false,false,false,false,false,false,true,true,false,false,false,false,false,false,false,false,false,false,false,false,false,false,false,false,false,false,false,false,false,false,false,false,false,false,false,false,false,false,false,false,false,false,false,false,false,false,false,false,false,false,false,false,false,false,false,false],"height":1.5617103930917575},{"image_id":"ff013cbd3a924e4fa524cc4d84ac5eb3","pose":[0.97686,0.00353543,0.213856,17.1316,-0.213854,-0.000993837,0.976866,-2.40579,0.00366591,-0.999994,-0.000215733,1.5151,0,0,0,1],"included":true,"visible":[false,false,false,false,true,false,false,false,false,false,true,true,false,false,false,false,true,false,false,false,true,false,false,false,false,false,false,false,false,false,false,false,false,false,false,false,false,true,true,false,false,false,false,false,true,false,false,true,true,true,false,false,false,true,false,false,true,false,false,false,false,false,false,false,false,false,false,true,false,true,true],"unobstructed":[false,false,false,false,false,false,false,false,false,false,false,false,false,false,false,false,false,false,false,false,false,false,false,false,false,false,false,false,false,false,false,false,false,false,false,false,false,false,false,false,false,false,false,false,false,false,false,false,false,false,false,false,false,false,false,true,true,false,false,false,false,false,false,false,false,false,false,true,false,true,false],"height":1},{"image_id":"7b1606930f824359bac6c90077c694e7","pose":[0.143152,-0.00455396,0.989691,2.63731,-0.989603,-0.014809,0.143071,-4.24888,0.0140046,-0.999881,-0.0066275,4.96209,0,0,0,1],"included":true,"visible":[false,false,true,true,false,true,false,true,false,false,false,false,false,false,false,true,false,false,true,false,false,false,false,false,false,true,true,false,false,false,false,false,false,false,false,false,false,false,false,false,true,false,false,false,false,true,false,false,false,false,false,false,false,false,true,false,false,false,false,false,true,false,false,true,true,false,false,false,true,false,false],"unobstructed":[false,false,false,true,false,false,false,false,false,false,false,false,false,false,false,true,false,false,false,false,false,false,false,false,false,false,false,false,false,false,false,false,false,false,false,false,false,false,false,false,false,false,false,false,false,false,false,false,false,false,false,false,false,false,false,false,false,false,false,false,false,false,false,false,true,false,false,false,false,false,false],"height":1.5700483287973284},{"image_id":"637dd8212f89426f8e8382ae48f93b7b","pose":[-0.163272,0.00205678,-0.986579,13.9374,0.984787,0.0606449,-0.162849,-2.31006,0.0594958,-0.998158,-0.0119281,1.50084,0,0,0,1],"included":true,"visible":[false,false,false,false,true,false,true,false,false,true,true,false,false,true,false,false,true,false,false,false,true,false,false,false,false,true,false,false,false,false,false,false,true,false,false,true,false,false,false,false,false,false,false,false,true,false,false,true,true,false,false,true,true,false,false,false,true,true,true,false,false,false,false,false,false,false,false,false,false,true,true],"unobstructed":[false,false,false,false,false,false,true,false,false,true,false,false,false,false,false,false,false,false,false,false,true,false,false,false,false,false,false,false,false,false,false,false,true,false,false,false,false,false,false,false,false,false,false,false,false,false,false,false,false,false,true,true,false,false,false,false,true,false,false,false,false,false,false,false,false,false,false,false,false,true,true],"height":1.5216414812734818},{"image_id":"01f2afc7ba584593aa5712707d285507","pose":[0.0943651,0.0200053,-0.995337,4.37921,0.994321,0.0475323,0.0952238,-4.05324,0.0492154,-0.99867,-0.0154073,1.50275,0,0,0,1],"included":true,"visible":[true,false,false,false,true,false,true,false,false,true,true,true,false,false,false,false,true,true,false,true,true,false,false,false,false,false,false,false,false,false,true,false,true,false,false,true,false,false,false,true,false,false,false,false,true,false,false,true,true,true,false,true,false,true,false,false,false,false,false,false,false,false,false,true,false,false,false,false,false,true,true],"unobstructed":[true,false,false,false,false,false,false,false,false,false,false,false,false,false,false,false,true,false,false,false,false,false,false,false,false,false,false,false,false,false,false,false,false,false,false,false,false,false,false,true,false,false,false,false,true,false,false,true,true,true,false,false,false,false,false,false,false,false,false,false,false,false,false,false,false,false,false,false,false,false,false],"height":1.5449645886036707},{"image_id":"09f9715c7163456e9a934c5bb8a0e2c6","pose":[0.137744,0.0030938,-0.990464,0.739676,0.990458,0.00420144,0.137756,-1.90301,0.0045873,-0.999987,-0.00248651,1.51619,0,0,0,1],"included":true,"visible":[false,false,false,false,true,false,false,false,true,false,false,true,false,false,false,false,true,true,false,false,false,false,false,true,false,false,false,false,false,false,false,false,false,false,false,false,false,false,true,false,false,false,false,false,false,false,false,true,true,true,false,false,false,true,false,false,false,true,false,false,false,false,false,false,false,false,false,false,false,false,false],"unobstructed":[false,false,false,false,false,false,false,false,true,false,false,true,false,false,false,false,false,false,false,false,false,false,false,true,false,false,false,false,false,false,false,false,false,false,false,false,false,false,true,false,false,false,false,false,false,false,false,false,false,true,false,false,false,true,false,false,false,false,false,false,false,false,false,false,false,false,false,false,false,false,false],"height":1.5424874777539976},{"image_id":"88ffbea957e34cd09d0ce2d3290e9694","pose":[0.113911,0.003375,-0.993486,6.65043,0.993492,-0.000779321,0.113908,-4.45749,-0.000390067,-0.999995,-0.00344277,5.02348,0,0,0,1],"included":true,"visible":[false,false,true,true,false,true,false,true,false,false,false,false,true,true,false,true,false,true,true,true,false,false,false,false,true,true,true,false,true,false,true,true,false,false,false,false,true,false,false,false,false,false,false,false,false,true,false,false,false,false,false,false,false,false,true,false,false,false,false,false,true,false,false,true,true,false,false,false,true,false,false],"unobstructed":[false,false,true,false,false,false,false,true,false,false,false,false,true,false,false,false,false,false,true,false,false,false,false,false,false,false,false,false,false,false,false,true,false,false,false,false,false,false,false,false,false,false,false,false,false,true,false,false,false,false,false,false,false,false,false,false,false,false,false,false,false,false,false,false,false,false,false,false,false,false,false],"height":1.56245882796558},{"image_id":"9568123de77d4e68bfba11f34b83ac7a","pose":[0.472975,-0.000929668,0.881076,19.4431,-0.880963,-0.0166015,0.472896,-0.869811,0.0141873,-0.999862,-0.00867207,5.0683,0,0,0,1],"included":true,"visible":[false,false,false,false,false,false,false,false,false,false,false,false,false,false,false,false,false,false,false,false,false,false,false,false,false,false,false,false,false,false,false,false,false,false,false,false,false,false,false,false,false,false,true,false,false,false,false,false,false,false,false,false,false,false,false,false,false,false,false,false,false,false,false,false,false,true,true,false,true,false,false],"unobstructed":[false,false,false,false,false,false,false,false,false,false,false,false,false,false,false,false,false,false,false,false,false,false,false,false,false,false,false,false,false,false,false,false,false,false,false,false,false,false,false,false,false,false,false,false,false,false,false,false,false,false,false,false,false,false,false,false,false,false,false,false,false,false,false,false,false,true,true,false,false,false,false],"height":1.565950335263806},{"image_id":"5ab3ffcf9e124111bd2fa931badc3c83","pose":[0.0786357,0.00167876,0.996903,19.3425,-0.996762,-0.0167673,0.0786531,-7.76522,0.0168471,-0.999859,0.000353857,5.05707,0,0,0,1],"included":true,"visible":[false,false,false,false,false,false,false,false,false,false,false,false,false,false,true,false,false,false,false,false,false,false,true,false,false,false,false,false,false,false,false,false,false,true,false,false,false,false,false,false,false,true,false,false,false,false,false,false,false,false,false,false,false,false,true,false,false,false,false,false,true,false,false,true,false,true,true,false,true,false,false],"unobstructed":[false,false,false,false,false,false,false,false,false,false,false,false,false,false,false,false,false,false,false,false,false,false,false,false,false,false,false,false,false,false,false,false,false,true,false,false,false,false,false,false,false,false,false,false,false,false,false,false,false,false,false,false,false,false,false,false,false,false,false,false,false,false,false,true,false,false,false,false,true,false,false],"height":1.5437003956662974},{"image_id":"290cf108dddc4095927677d0d56b7a7a","pose":[0.00678675,0.00484417,-0.999966,8.32894,0.998612,0.0522259,0.00703028,-1.05503,0.0522579,-0.998624,-0.00448397,1.51814,0,0,0,1],"included":true,"visible":[false,false,false,false,false,false,true,false,false,false,true,false,false,true,false,false,false,false,false,false,true,false,false,false,false,false,false,false,false,true,true,false,false,false,false,false,false,false,false,false,false,false,false,false,false,false,false,true,false,false,false,false,false,false,false,false,false,true,false,false,false,false,false,false,false,false,false,false,false,false,false],"unobstructed":[false,false,false,false,false,false,false,false,false,false,true,false,false,false,false,false,false,false,false,false,true,false,false,false,false,false,false,false,false,true,false,false,false,false,false,false,false,false,false,false,false,false,false,false,false,false,false,false,false,false,false,false,false,false,false,false,false,false,false,false,false,false,false,false,false,false,false,false,false,false,false],"height":1.5247297031129778},{"image_id":"ff0c027e9f0a4cd784e4851736c397a4","pose":[-0.278418,0.00341658,-0.960454,6.34012,0.95921,0.0520189,-0.277873,-4.05406,0.0490121,-0.998641,-0.0177612,1.5037,0,0,0,1],"included":true,"visible":[true,false,false,false,true,false,true,false,false,true,true,true,false,false,false,false,true,false,false,false,true,false,false,false,false,false,false,false,false,false,true,false,true,false,false,true,false,true,true,false,false,false,false,false,false,false,false,true,true,true,false,true,false,true,false,false,false,false,false,false,false,false,false,false,false,false,false,false,false,true,true],"unobstructed":[true,false,false,false,false,false,false,false,false,false,true,false,false,false,false,false,false,true,false,false,false,false,false,false,false,false,false,false,false,false,false,false,false,false,false,false,false,false,true,false,false,false,false,false,false,false,false,true,true,false,false,false,false,false,false,false,false,false,false,false,false,false,false,false,false,false,false,false,false,false,false],"height":1.5267788995169738},{"image_id":"b1a1885860a54b8cb99c6f4ac19999a5","pose":[0.0764844,0.0119806,-0.996999,8.83781,0.99707,-0.0026013,0.0764582,-4.47007,-0.00167774,-0.999925,-0.0121454,5.02436,0,0,0,1],"included":true,"visible":[false,false,true,true,false,true,false,true,false,false,false,false,true,true,false,false,false,true,true,true,false,false,false,false,false,false,true,true,false,false,true,true,false,false,false,false,true,false,false,false,true,false,false,false,false,false,false,false,false,false,false,false,false,false,true,false,false,false,false,false,true,true,false,true,true,false,false,false,true,false,false],"unobstructed":[false,false,false,false,false,false,false,false,false,false,false,false,true,false,false,false,false,false,true,false,false,false,false,false,false,false,true,false,false,false,false,true,false,false,false,false,false,false,false,false,true,false,false,false,false,false,false,false,false,false,false,false,false,false,false,false,false,false,false,false,false,false,false,false,false,false,false,false,false,false,false],"height":1.557314088564362},{"image_id":"5796e7daf64e40a6aa1a6e003d1632ed","pose":[0.92189,0.0215845,-0.386853,7.25739,0.386995,-0.00272197,0.922078,0.226001,0.0188493,-0.999764,-0.0108634,5.03606,0,0,0,1],"included":true,"visible":[false,false,false,false,false,false,false,false,false,false,false,false,false,false,false,false,false,false,false,false,false,false,false,false,true,false,false,true,false,false,false,false,false,false,false,false,false,false,false,false,false,false,false,false,false,false,false,false,false,false,false,false,false,false,false,false,false,false,false,false,false,false,true,false,false,false,false,false,false,false,false],"unobstructed":[false,false,false,false,false,false,false,false,false,false,false,false,false,false,false,false,false,false,false,false,false,false,false,false,true,false,false,true,false,false,false,false,false,false,false,false,false,false,false,false,false,false,false,false,false,false,false,false,false,false,false,false,false,false,false,false,false,false,false,false,false,false,true,false,false,false,false,false,false,false,false],"height":1.5694191431801658},{"image_id":"c8877195d3ad4ea5a4736bf0ed6979c5","pose":[-0.263555,0.00320763,-0.96464,6.29425,0.963234,0.0549463,-0.262988,-6.48931,0.0521596,-0.998485,-0.017572,1.50417,0,0,0,1],"included":true,"visible":[true,false,false,false,true,false,false,false,true,true,true,true,false,true,false,false,true,true,false,false,true,false,false,true,false,false,false,false,false,false,true,false,true,false,false,true,false,true,true,true,false,false,false,true,true,false,false,false,true,true,false,false,true,true,false,false,true,false,false,false,false,false,false,false,false,false,false,false,false,true,true],"unobstructed":[true,false,false,false,false,false,false,false,false,false,true,false,false,false,false,false,false,true,false,false,false,false,false,false,false,false,false,false,false,false,false,false,false,false,false,false,false,false,true,false,false,false,false,false,true,false,false,false,true,false,false,false,false,false,false,false,false,false,false,false,false,false,false,false,false,false,false,false,false,false,false],"height":1.5259273068686872},{"image_id":"07828abd68f54c2ba9ede7aa649932df","pose":[0.999307,-0.0348416,-0.0131955,4.46067,0.0133029,0.00286458,0.999908,-4.99174,-0.0348008,-0.999389,0.00332515,1.5049,0,0,0,1],"included":true,"visible":[true,false,false,false,true,false,true,false,true,true,true,true,false,false,false,false,true,true,false,true,true,false,false,true,false,false,false,false,false,false,false,false,true,false,false,true,false,true,true,true,false,false,false,false,true,false,false,true,false,true,false,true,false,true,false,false,true,false,false,false,false,false,false,false,false,false,false,false,false,true,true],"unobstructed":[false,false,false,false,true,false,false,false,false,false,false,true,false,false,false,false,true,false,false,false,false,false,false,false,false,false,false,false,false,false,false,false,false,false,false,false,false,false,true,false,false,false,false,false,true,false,false,true,false,true,false,false,false,false,false,false,false,false,false,false,false,false,false,false,false,false,false,false,false,false,false],"height":1.54192743341514},{"image_id":"24d74aa8b1e247f0a2daf2c771db21ea","pose":[0.023941,0.0186554,-0.99954,3.18886,0.998534,0.0481336,0.024815,-4.11173,0.0485741,-0.998667,-0.0174766,1.5033,0,0,0,1],"included":true,"visible":[true,false,false,false,true,false,true,false,true,true,true,true,false,false,false,false,true,true,false,true,true,false,false,true,false,false,false,false,false,false,true,false,true,false,false,true,false,false,true,true,false,false,false,false,true,false,false,true,true,false,false,true,true,true,false,false,false,false,false,false,false,false,false,false,false,false,false,false,false,true,true],"unobstructed":[true,false,false,false,false,false,false,false,false,false,false,true,false,false,false,false,true,false,false,false,false,false,false,false,false,false,false,false,false,false,false,false,false,false,false,false,false,false,true,true,false,false,false,false,false,false,false,false,true,false,false,false,false,false,false,false,false,false,false,false,false,false,false,false,false,false,false,false,false,false,false],"height":1.5383697901076978},{"image_id":"5817f7eadd7e43ffa7d3eeed279f123d","pose":[0.929347,0.0549483,-0.365098,12.4655,0.365239,0.00781272,0.930881,-1.15246,0.0540025,-0.998459,-0.0128095,1.50981,0,0,0,1],"included":true,"visible":[false,false,false,false,false,false,true,false,false,true,false,false,false,true,false,false,false,false,false,false,false,false,false,false,false,true,false,false,false,false,false,false,true,false,false,true,false,false,false,false,false,false,false,false,false,false,false,false,false,false,false,true,false,false,false,false,true,true,false,false,false,false,false,false,false,false,false,false,false,true,true],"unobstructed":[false,false,false,false,false,false,false,false,false,true,false,false,false,false,false,false,false,false,false,false,false,false,false,false,false,false,false,false,false,false,false,false,true,false,false,false,false,true,false,false,false,false,false,false,false,false,false,false,false,false,false,false,false,false,false,true,false,false,false,false,false,false,false,false,false,false,false,false,false,false,true],"height":1.523409010666895},{"image_id":"95228a36423e47dfa8f66836b0ff8ae1","pose":[0.818842,0.0246427,-0.573491,15.8253,0.573991,-0.0250227,0.81848,-6.79764,0.00581904,-0.999384,-0.0346352,1.55577,0,0,0,1],"included":true,"visible":[true,false,false,false,false,false,false,false,false,true,true,true,false,true,false,false,true,true,false,true,true,false,false,false,false,true,false,false,false,false,false,false,true,true,false,true,false,true,true,false,false,false,false,false,true,false,false,true,true,true,true,false,true,true,false,false,false,true,true,false,false,false,false,false,false,false,false,false,false,false,true],"unobstructed":[false,false,false,false,false,false,true,false,false,true,false,false,false,true,false,false,false,false,false,false,false,false,false,false,false,true,false,false,false,false,true,false,true,false,false,false,false,true,false,false,false,false,false,false,false,false,false,false,false,false,false,false,true,false,false,false,false,true,true,false,false,false,false,false,false,false,false,false,false,false,false],"height":1},{"image_id":"880b2c58b0a14938bc12a49d839097e2","pose":[-0.0701366,0.0221776,-0.997291,15.1473,0.997538,0.00274413,-0.0700931,-8.61887,0.00118195,-0.999751,-0.0223164,1.64147,0,0,0,1],"included":true,"visible":[true,false,true,false,true,false,false,false,false,false,true,false,false,true,false,false,false,true,false,true,true,false,false,false,false,true,false,false,false,true,true,false,true,false,false,true,false,true,false,false,false,false,false,true,true,false,false,false,true,false,true,true,false,true,false,false,true,true,true,false,false,false,false,false,false,false,false,false,false,false,false],"unobstructed":[false,false,false,false,false,false,false,false,false,false,false,false,false,false,false,false,false,false,false,false,false,false,false,false,false,false,false,false,false,false,true,false,false,false,false,false,false,false,false,false,false,false,false,false,false,false,false,false,false,false,false,true,false,false,false,false,false,true,true,false,false,false,false,false,false,false,false,false,false,false,false],"height":1.6565189520971872},{"image_id":"ff7072175bd04676a040d26dbe53ec18","pose":[-0.988862,-0.00542251,-0.148744,-1.47529,0.148743,0.000673114,-0.988876,-3.91817,0.00546204,-0.999986,0.000139987,1.47531,0,0,0,1],"included":true,"visible":[true,false,false,false,true,false,true,false,false,true,true,true,false,false,false,false,true,false,false,false,true,false,false,false,false,false,false,false,false,false,true,false,true,false,false,true,false,false,true,true,false,false,false,false,true,false,false,false,true,true,false,true,false,false,false,false,false,false,false,false,false,false,false,false,false,false,false,false,false,false,true],"unobstructed":[false,false,false,false,false,false,false,false,false,false,false,true,false,false,false,false,true,false,false,false,false,false,false,false,false,false,false,false,false,false,false,false,false,false,false,false,false,false,false,true,false,false,false,false,false,false,false,false,false,false,false,false,false,false,false,false,false,false,false,false,false,false,false,false,false,false,false,false,false,false,false],"height":1.5401817219906657},{"image_id":"d1af2f90794243db807d60a07050941c","pose":[-0.0202053,0.0154779,-0.999677,14.8585,0.999796,0.00163331,-0.0201828,-4.41137,0.00132013,-0.999879,-0.0155087,5.03558,0,0,0,1],"included":true,"visible":[false,false,true,true,false,true,false,true,false,false,false,false,false,false,false,false,false,false,true,false,false,false,true,false,false,false,true,false,false,false,false,false,false,true,false,false,true,false,false,false,true,false,false,false,false,true,false,false,false,false,false,true,true,false,false,false,false,false,false,true,true,false,false,true,true,false,false,false,true,false,false],"unobstructed":[false,false,false,false,false,false,false,false,false,false,false,false,false,false,false,false,false,false,false,false,false,false,true,false,false,false,false,false,false,false,false,false,false,true,false,false,false,false,false,false,false,false,false,false,false,false,false,false,false,false,false,false,false,false,false,false,false,false,false,true,true,false,false,true,false,false,false,false,false,false,false],"height":1.5683387635017683},{"image_id":"9997a34a10ad4502ae927f0855f670a5","pose":[0.799922,0.0547843,-0.5976,14.1981,0.597503,0.0199404,0.80162,-0.155461,0.0558323,-0.9983,-0.0167839,1.51099,0,0,0,1],"included":true,"visible":[false,false,false,false,false,false,true,false,false,true,false,false,false,true,false,false,false,false,false,false,true,false,false,false,false,false,false,false,false,false,false,false,false,false,false,true,false,false,false,false,false,false,false,false,false,false,false,false,false,false,false,true,false,false,false,false,true,true,true,false,false,false,false,false,false,false,false,true,false,false,false],"unobstructed":[false,false,false,false,false,false,false,false,false,false,false,false,false,false,false,false,false,false,false,false,false,false,false,false,false,false,false,false,false,false,false,false,false,false,false,true,false,false,false,false,false,false,false,false,false,false,false,false,false,false,true,false,false,false,false,false,true,false,false,false,false,false,false,false,false,false,false,true,false,false,false],"height":1.508079372954943},{"image_id":"c7a5f8ebe9aa432b86414fcf59272bac","pose":[0.968273,0.00355217,0.249875,17.0959,-0.249837,-0.00877628,0.968249,-1.30178,0.0056321,-0.999956,-0.00761131,1.51908,0,0,0,1],"included":true,"visible":[false,false,false,false,true,false,false,false,false,true,true,false,false,false,false,false,false,true,false,false,true,false,false,false,false,false,false,false,false,false,false,false,false,false,false,true,false,true,false,false,false,false,false,false,false,false,false,true,true,false,false,false,false,false,false,true,false,true,false,false,false,false,false,false,false,false,false,true,false,true,true],"unobstructed":[false,false,false,false,false,false,false,false,false,false,false,false,false,false,false,false,false,false,false,false,false,false,false,false,false,false,false,false,false,false,false,false,false,false,false,true,false,true,false,false,false,false,false,false,false,false,false,false,false,false,false,false,false,false,false,true,false,false,false,false,false,false,false,false,false,false,false,true,false,true,false],"height":1},{"image_id":"71b8d86a5b2e447e903994f5fc6634df","pose":[-0.273057,-0.0220701,-0.961745,11.1283,0.960818,0.0432747,-0.273787,-6.78077,0.0476615,-0.99882,0.00938793,1.50725,0,0,0,1],"included":true,"visible":[true,false,false,false,false,false,true,false,false,true,true,true,false,true,false,false,false,true,false,true,true,false,false,false,false,true,false,false,false,true,true,false,true,true,false,false,false,true,true,false,false,false,false,true,true,false,false,false,false,true,true,true,false,true,false,false,true,false,false,false,false,false,false,false,false,false,false,false,false,true,true],"unobstructed":[false,false,false,false,false,false,true,false,false,true,true,false,false,true,false,false,false,true,false,false,true,false,false,false,false,false,false,false,false,false,true,false,false,false,false,false,false,false,false,false,false,false,false,false,false,false,false,false,false,false,false,true,true,false,false,false,false,false,false,false,false,false,false,false,false,false,false,false,false,false,true],"height":1.5271393967773972},{"image_id":"a1343f391c4840fd8a25369e45016965","pose":[0.067542,0.0243967,-0.997419,16.3965,0.997661,0.00901002,0.0677784,-8.6104,0.0106401,-0.999662,-0.023732,1.65304,0,0,0,1],"included":true,"visible":[true,false,true,false,true,false,false,false,false,true,true,true,false,true,false,false,false,true,false,true,true,false,false,false,false,true,false,false,false,true,true,false,true,false,false,true,false,true,false,false,false,false,false,false,true,false,false,false,true,true,true,true,true,false,false,false,true,true,false,false,false,false,false,false,false,false,false,false,false,false,false],"unobstructed":[false,false,false,false,false,false,false,false,false,true,false,false,false,false,false,false,false,false,false,false,false,false,false,false,false,true,false,false,false,false,false,false,false,false,false,false,false,false,false,false,false,false,false,false,false,false,false,false,false,false,false,true,true,false,false,false,false,false,false,false,false,false,false,false,false,false,false,false,false,false,false],"height":1.6581613572491054},{"image_id":"648bb87f6b844a088376ef700d77aa5d","pose":[-0.965279,-0.00500911,0.261177,15.6904,-0.261176,-0.000729167,-0.965292,-7.58283,0.00502543,-0.999988,-0.000605367,5.04526,0,0,0,1],"included":true,"visible":[false,false,false,false,false,false,false,false,false,false,false,false,false,false,true,false,false,false,false,false,false,false,false,false,false,false,false,false,false,false,false,false,false,true,false,false,false,true,false,false,false,false,false,false,false,false,false,false,false,false,true,false,false,false,true,false,false,false,false,false,false,false,false,true,false,true,false,false,true,false,true],"unobstructed":[false,false,false,false,false,false,false,false,false,false,false,false,false,false,true,false,false,false,false,false,false,false,false,false,false,false,false,false,false,false,false,false,false,true,false,false,false,false,false,false,false,false,false,false,false,false,false,false,false,false,false,false,false,false,true,false,false,false,false,false,false,false,false,true,false,false,false,false,true,false,false],"height":1.552425106396976},{"image_id":"696ce593a39d47ef9acf6902ee134861","pose":[-0.00462345,0.0137619,-0.999895,13.7062,0.999984,0.00365324,-0.00457389,-4.40271,0.00358966,-0.999899,-0.0137795,5.03104,0,0,0,1],"included":true,"visible":[false,false,true,true,false,true,false,true,false,false,false,false,false,false,false,false,false,false,true,false,false,false,true,false,false,false,true,false,false,false,false,false,false,true,false,false,true,false,false,false,true,false,false,false,false,true,false,false,false,false,false,false,false,false,true,false,false,false,false,false,false,false,false,true,true,false,false,false,true,false,false],"unobstructed":[false,false,false,false,false,true,false,false,false,false,false,false,false,false,false,false,false,false,false,false,false,false,true,false,false,false,false,false,false,false,false,false,false,true,false,false,false,false,false,false,false,false,false,false,false,false,false,false,false,false,false,false,false,false,true,false,false,false,false,false,false,false,false,false,false,false,false,false,false,false,false],"height":1.5650415721220776},{"image_id":"8761fe0f67a041cf96957879f73fbd5e","pose":[-0.636435,-0.0383488,0.770378,11.7357,-0.771277,0.0196421,-0.636198,-0.47174,0.00926532,-0.999072,-0.0420793,5.04978,0,0,0,1],"included":true,"visible":[false,false,false,false,false,true,false,false,false,false,false,false,false,false,false,false,false,false,false,false,false,true,true,false,false,false,false,false,false,false,false,false,false,false,true,false,false,false,false,false,false,false,false,false,false,false,false,false,false,false,false,false,false,false,false,false,false,false,false,false,false,false,false,false,false,false,false,false,false,false,false],"unobstructed":[false,false,false,false,false,false,false,false,false,false,false,false,false,false,false,false,false,false,false,false,false,true,true,false,false,false,false,false,false,false,false,false,false,false,false,false,false,false,false,false,false,false,false,false,false,false,false,false,false,false,false,false,false,false,false,false,false,false,false,false,false,false,false,false,false,false,false,false,false,false,false],"height":1.5549905664876253},{"image_id":"0f462b8531e14ad0803d1beabefa48b5","pose":[-0.438071,0.0166589,-0.898786,9.19337,0.898878,0.0199744,-0.437746,0.394986,0.0106601,-0.999662,-0.0237254,5.044,0,0,0,1],"included":true,"visible":[false,false,false,false,false,false,false,false,false,false,false,false,false,false,false,false,false,false,false,false,false,false,false,false,true,false,false,false,false,false,false,false,false,false,false,false,false,false,false,false,false,false,false,false,false,false,true,false,false,false,false,false,false,false,false,false,false,false,false,false,false,false,false,false,false,false,false,false,false,false,false],"unobstructed":[false,false,false,false,false,false,false,false,false,false,false,false,false,false,false,false,false,false,false,false,false,false,false,false,true,false,false,false,false,false,false,false,false,false,false,false,false,false,false,false,false,false,false,false,false,false,true,false,false,false,false,false,false,false,false,false,false,false,false,false,false,false,false,false,false,false,false,false,false,false,false],"height":1.5382658058250485},{"image_id":"505ca3ca13414b7884dd6332040ca52c","pose":[-0.29875,0.0227276,-0.954061,17.2273,0.954302,-0.000939712,-0.298847,-5.11141,-0.00768889,-0.999742,-0.0214092,5.04047,0,0,0,1],"included":true,"visible":[false,false,false,true,false,true,true,true,false,true,false,false,false,true,false,false,false,true,true,false,false,false,true,false,false,false,true,false,false,false,true,false,false,true,false,false,true,false,false,false,true,false,true,false,false,true,false,false,false,false,false,false,false,false,true,false,false,false,false,true,true,false,false,false,true,true,false,false,true,false,false],"unobstructed":[false,false,false,false,false,false,false,false,false,false,false,false,false,false,false,false,false,false,false,false,false,false,false,false,false,false,false,false,false,false,false,false,false,true,false,false,false,false,false,false,false,false,true,false,false,false,false,false,false,false,false,false,false,false,true,false,false,false,false,true,false,false,false,false,false,true,false,false,true,false,false],"height":1.5415192065047565},{"image_id":"fb81d03848c24f9a89220e899fa32b8d","pose":[0.155906,-0.00285306,0.987769,3.44802,-0.987729,-0.00993514,0.155871,-4.23796,0.00936864,-0.999947,-0.00436795,4.96146,0,0,0,1],"included":true,"visible":[false,false,true,true,false,true,false,true,false,false,false,false,false,true,false,true,false,false,true,false,false,false,false,false,false,true,true,false,false,false,true,false,false,false,false,false,true,false,false,false,true,false,false,false,false,true,false,false,false,false,false,false,true,false,true,false,false,false,true,false,true,false,false,true,false,false,false,false,true,false,false],"unobstructed":[false,false,false,false,false,false,false,true,false,false,false,false,false,false,false,true,false,false,false,false,false,false,false,false,false,false,false,false,false,false,false,false,false,false,false,false,true,false,false,false,false,false,false,false,false,false,false,false,false,false,false,false,false,false,false,false,false,false,false,false,false,false,false,false,false,false,false,false,false,false,false],"height":1.5475892261098085},{"image_id":"ab2d0f38b21e4493a632fd5aa8ef99a8","pose":[-0.99809,0.00171325,-0.0617647,19.5303,0.0617855,0.0173096,-0.99794,-2.75349,-0.000640864,-0.999849,-0.0173833,5.05471,0,0,0,1],"included":true,"visible":[false,false,false,false,false,false,false,false,false,false,false,false,false,false,false,false,false,false,false,false,false,false,false,false,false,false,false,false,false,false,false,false,false,false,false,false,false,false,false,false,false,true,true,false,false,false,false,false,false,false,false,false,false,false,false,false,false,false,false,true,false,false,false,true,false,false,true,false,true,false,false],"unobstructed":[false,false,false,false,false,false,false,false,false,false,false,false,false,false,false,false,false,false,false,false,false,false,false,false,false,false,false,false,false,false,false,false,false,false,false,false,false,false,false,false,false,true,false,false,false,false,false,false,false,false,false,false,false,false,false,false,false,false,false,false,false,false,false,true,false,false,true,false,true,false,false],"height":1.561934294633712},{"image_id":"4e06453cd8c24ea78797c10b0e12639f","pose":[-0.33073,-0.0131362,0.943635,19.3553,-0.943722,0.00136817,-0.330741,-1.93423,0.00305335,-0.999913,-0.0128503,5.05685,0,0,0,1],"included":true,"visible":[false,false,false,false,false,false,false,false,false,false,false,false,false,false,false,false,false,false,false,false,false,false,false,false,false,false,false,false,false,false,false,false,false,false,false,false,false,false,false,false,false,true,true,false,false,false,false,false,false,false,false,false,false,false,false,false,false,false,false,false,false,false,false,false,false,true,false,false,true,false,false],"unobstructed":[false,false,false,false,false,false,false,false,false,false,false,false,false,false,false,false,false,false,false,false,false,false,false,false,false,false,false,false,false,false,false,false,false,false,false,false,false,false,false,false,false,true,false,false,false,false,false,false,false,false,false,false,false,false,false,false,false,false,false,false,false,false,false,false,false,true,false,false,true,false,false],"height":1.5632892569019976},{"image_id":"e1764d52db5b408993663777cdf69130","pose":[0.999235,-0.00499812,-0.0388046,16.1058,0.0387428,-0.0118604,0.999179,-0.0312656,-0.00545451,-0.999918,-0.0116586,1.54439,0,0,0,1],"included":true,"visible":[false,false,false,false,false,false,false,false,false,true,false,false,false,true,false,false,false,true,false,false,true,false,false,false,false,false,false,false,false,false,false,false,false,false,false,true,false,false,false,false,false,false,false,false,false,false,false,true,false,false,false,false,false,false,false,true,true,true,false,false,false,false,false,false,false,false,false,false,false,true,false],"unobstructed":[false,false,false,false,false,false,false,false,false,false,false,false,false,false,false,false,false,false,false,false,false,false,false,false,false,false,false,false,false,false,false,false,false,false,false,true,false,false,false,false,false,false,false,false,false,false,false,false,false,false,false,false,false,false,false,true,true,false,false,false,false,false,false,false,false,false,false,false,false,true,false],"height":1.5465416953653701},{"image_id":"354da2e072004e458216f8a9b11e8d3d","pose":[-0.474776,0.0175283,-0.879933,19.1053,0.880084,0.00207717,-0.474816,-5.08756,-0.0064952,-0.999845,-0.0164135,5.04507,0,0,0,1],"included":true,"visible":[false,false,false,true,false,true,false,true,false,false,false,false,false,false,true,false,false,true,true,false,false,false,true,false,false,false,true,false,false,false,false,false,false,true,false,false,true,false,false,false,true,true,true,false,false,true,false,false,false,false,false,false,false,false,true,false,false,false,false,false,true,false,false,true,true,true,true,true,false,false,false],"unobstructed":[false,false,false,false,false,false,false,false,false,false,false,false,false,false,false,false,false,false,false,false,false,false,false,false,false,false,false,false,false,false,false,false,false,false,false,false,false,false,false,false,false,false,true,false,false,false,false,false,false,false,false,false,false,false,false,false,false,false,false,true,false,false,false,true,false,true,true,false,false,false,false],"height":1.536241617667752},{"image_id":"bd2a7e0c153c4a7ca6b970266527250a","pose":[0.987018,0.0494053,0.152831,15.698,-0.152209,-0.0161523,0.988217,-2.30528,0.0512914,-0.998649,-0.00842368,1.50317,0,0,0,1],"included":true,"visible":[false,false,false,false,true,false,false,false,false,true,true,false,false,false,false,false,true,true,false,false,true,false,false,false,false,false,false,false,false,false,false,false,false,false,false,true,false,true,true,false,false,false,false,false,true,false,false,true,true,true,false,false,false,false,false,false,true,true,false,false,false,false,false,false,false,false,false,true,false,false,true],"unobstructed":[false,false,false,false,false,false,true,false,false,true,false,false,false,false,false,false,false,false,false,false,false,false,false,false,false,false,false,false,false,false,false,false,false,false,false,true,false,true,false,false,false,false,false,false,false,false,false,false,false,false,false,false,false,false,false,false,true,false,false,false,false,false,false,false,false,false,false,true,false,false,true],"height":1},{"image_id":"57bbe9e9bbfc4377abe137677beb5d0f","pose":[-0.120561,0.00227078,-0.992704,12.3597,0.991321,0.0531022,-0.120272,-3.75333,0.0524413,-0.998587,-0.0086541,1.5019,0,0,0,1],"included":true,"visible":[true,false,false,false,true,false,true,false,false,true,true,true,false,true,false,false,true,false,false,false,true,false,false,false,false,true,false,false,false,false,false,false,true,false,false,true,false,true,true,false,false,false,false,false,true,false,false,true,true,true,true,true,false,true,false,false,true,true,true,false,false,false,false,false,false,false,false,false,false,true,false],"unobstructed":[false,false,false,false,false,false,true,false,false,true,false,false,false,true,false,false,false,false,false,false,true,false,false,false,false,false,false,false,false,false,false,false,true,false,false,false,false,true,false,false,false,false,false,false,false,false,false,false,false,false,true,false,false,false,false,false,false,true,false,false,false,false,false,false,false,false,false,false,false,true,false],"height":1.53478157781925}]