[{"image_id":"95a4b136cb854ea585cb23d67e174cb3","pose":[-0.937917,-0.00481291,-0.346826,3.60068,0.346798,0.00580913,-0.937922,-2.64532,0.00652893,-0.999972,-0.00377917,1.42331,0,0,0,1],"included":true,"visible":[false,false,false,false,false,false,false,false,true,false,false,false,true,false,false,false,false,false,false,true,false,false,false,false,false,false,false,false,false,true,false,false,false,false,false,false,false,false,false,false,false,false,false,false,false,false,false,false,true,true,false,false,true,false,true,false,false,false,false,false,false,true,false,false,false,false,false,false,false,false,false],"unobstructed":[false,false,false,false,false,false,false,false,true,false,false,false,false,false,false,false,false,false,true,true,false,false,false,false,false,false,false,false,false,true,false,false,false,false,false,false,false,false,false,false,false,false,false,false,false,false,false,false,false,true,false,false,false,false,true,false,false,false,false,false,false,true,false,false,false,false,false,false,false,false,false],"height":1.4278419382659453},{"image_id":"2c4f0c57f3b3499c9a4f13d2d0b20d0b","pose":[-0.53961,-0.0208085,0.841658,-5.49336,-0.841874,0.0232524,-0.539173,0.0728458,-0.00835108,-0.999513,-0.0300652,1.42528,0,0,0,1],"included":true,"visible":[false,false,false,false,false,false,false,false,false,false,false,false,false,false,false,false,false,false,false,false,false,true,true,false,false,false,false,false,false,false,false,false,false,false,false,true,false,false,false,false,false,true,false,false,false,false,false,false,false,false,false,false,false,false,false,false,false,false,false,false,false,false,false,false,false,false,false,false,false,false,false],"unobstructed":[false,false,false,false,false,false,false,false,false,false,false,false,false,false,false,false,false,false,false,false,false,true,true,false,false,false,false,false,false,false,false,false,false,false,false,false,false,false,false,false,false,false,false,false,false,false,false,false,false,false,false,false,false,false,false,false,false,false,false,false,false,false,false,false,false,false,false,false,false,false,false],"height":1.423921414902368},{"image_id":"1a97cd33826c4d93be29d5b980979629","pose":[-0.814119,-0.00204236,0.580694,-1.09636,-0.580688,0.00845871,-0.814082,-0.490018,-0.00324923,-0.999962,-0.00807216,4.54574,0,0,0,1],"included":true,"visible":[false,false,false,false,false,false,false,false,false,false,false,false,false,false,false,false,false,false,false,false,false,false,false,false,false,false,false,false,false,false,false,false,true,false,false,false,false,false,false,false,false,false,true,false,false,true,true,false,false,false,false,false,false,false,false,false,false,false,false,true,false,false,true,false,true,false,false,false,false,false,false],"unobstructed":[false,false,false,false,false,false,false,false,false,false,false,false,false,false,false,false,false,false,false,false,false,false,false,false,false,false,false,false,false,false,false,false,true,false,false,false,false,false,false,false,false,false,true,false,false,false,false,false,false,false,false,false,false,false,false,false,false,false,false,true,false,false,false,false,true,false,false,false,false,false,false],"height":1.3833679694509327},{"image_id":"a1b5ae6f5d1b4ed0850441594bb971d4","pose":[0.820261,0.0098851,-0.571904,4.63704,0.571975,-0.00692947,0.820242,-5.6667,0.00414522,-0.999927,-0.0113378,1.42184,0,0,0,1],"included":true,"visible":[false,false,false,false,false,true,false,false,true,false,false,false,false,false,false,false,false,false,false,true,false,false,false,false,false,false,false,true,false,true,false,false,false,false,false,false,false,false,false,false,false,false,false,true,false,false,false,false,false,false,false,false,false,false,false,false,false,false,false,false,false,false,false,false,false,false,false,false,false,false,false],"unobstructed":[false,false,false,false,false,true,false,false,false,false,false,false,false,false,false,false,false,false,false,false,false,false,false,false,false,false,false,true,false,false,false,false,false,false,false,false,false,false,false,false,false,false,false,true,false,false,false,false,false,false,false,false,false,false,false,false,false,false,false,false,false,false,false,false,false,false,false,false,false,false,false],"height":1.422342594346001},{"image_id":"275b762913de4cba8807328e1c25cd45","pose":[0.885718,0.0033936,0.464212,-9.50646,-0.464026,-0.0227401,0.88553,-6.00741,0.0135614,-0.999736,-0.0185664,1.42077,0,0,0,1],"included":true,"visible":[false,false,false,false,false,false,false,false,false,false,false,false,false,false,false,false,false,false,false,false,false,false,false,true,false,false,false,false,false,false,false,false,false,false,false,true,false,false,false,false,false,false,false,false,false,false,false,false,false,false,false,true,false,false,false,false,false,false,false,false,false,false,false,false,false,false,false,false,false,false,false],"unobstructed":[false,false,false,false,false,false,false,false,false,false,false,false,false,true,false,false,true,false,false,false,false,false,false,true,false,false,false,false,false,false,false,false,false,false,false,false,false,false,false,false,false,false,false,false,false,false,false,false,false,false,false,true,false,false,false,false,false,false,false,false,false,false,false,false,false,false,false,false,true,false,false],"height":1.417993164480596},{"image_id":"a1dd7b2789d64b5a8e9adcd864ad9897","pose":[0.342125,-0.0184261,-0.939474,4.6108,0.939631,0.0136824,0.341914,-6.46656,0.00655413,-0.999737,0.0219951,1.43959,0,0,0,1],"included":true,"visible":[false,false,false,true,false,false,false,false,true,false,false,false,false,false,false,false,false,false,false,true,false,false,false,false,false,false,false,true,false,true,false,false,false,false,false,false,false,false,false,false,false,false,false,true,false,false,false,false,false,false,false,false,false,false,false,false,false,false,false,false,false,false,false,false,false,false,false,false,false,false,false],"unobstructed":[false,false,false,true,false,false,false,false,false,false,false,false,false,false,false,false,false,false,false,false,false,false,false,false,false,false,false,false,false,false,false,false,false,false,false,false,false,false,false,false,false,false,false,false,false,false,false,false,false,false,false,false,false,false,false,false,false,false,false,false,false,false,false,false,false,false,false,false,false,false,false],"height":1.4392621648421469},{"image_id":"a16ed3b23f3745f28a7a039387a24575","pose":[0.987085,0.00371934,0.160152,0.90693,-0.160112,-0.00932763,0.987055,0.334062,0.00516507,-0.99995,-0.00861144,1.40165,0,0,0,1],"included":true,"visible":[false,false,false,false,false,false,false,false,false,false,false,false,false,false,false,true,false,false,false,false,false,false,false,false,false,false,false,false,false,false,false,false,false,false,false,false,false,false,false,false,false,false,false,false,false,false,false,false,false,false,false,false,false,false,false,false,false,false,false,false,true,false,false,false,false,true,false,false,false,false,true],"unobstructed":[false,false,false,false,false,false,false,false,false,false,false,false,false,false,false,false,false,false,false,false,false,false,false,false,false,false,false,false,false,false,false,false,false,false,false,false,false,false,false,false,false,false,false,false,false,false,false,false,false,false,false,false,false,false,false,false,false,false,false,false,true,false,false,false,false,false,false,false,false,false,true],"height":1.418896276138289},{"image_id":"a0c01a3d40d84d20bbdc564200a19a47","pose":[0.605971,0.0166456,-0.795312,-6.49123,0.795478,-0.00804879,0.605929,-6.0252,0.0036848,-0.999829,-0.0181183,1.42037,0,0,0,1],"included":true,"visible":[false,false,false,false,true,false,false,false,false,false,true,true,false,false,false,false,true,false,false,false,false,false,false,true,false,false,false,false,false,false,false,false,false,false,false,true,false,false,false,false,false,false,false,false,false,false,false,false,false,false,false,false,false,true,true,false,true,false,false,false,false,false,false,true,false,false,false,true,true,false,false],"unobstructed":[false,false,false,false,false,false,false,false,false,false,true,true,false,false,false,false,true,false,false,false,true,false,false,false,false,false,false,false,false,false,false,false,false,false,false,false,false,false,false,false,false,false,false,false,false,false,false,false,false,false,false,false,false,false,false,false,false,false,false,false,false,false,false,true,false,false,false,true,false,false,false],"height":1.4165654269372359},{"image_id":"cc1617446c6c4db9800195d4249b5ff2","pose":[-0.809997,0.0241719,0.585935,4.95462,-0.585342,0.0276101,-0.810317,-2.79746,-0.0357645,-0.999326,-0.00821511,1.41799,0,0,0,1],"included":true,"visible":[true,false,false,false,false,false,false,false,false,false,false,false,true,false,false,false,false,false,false,true,false,false,false,false,false,false,false,true,false,true,false,false,false,false,false,false,false,false,false,false,false,false,false,false,false,false,false,false,true,true,false,false,true,false,true,false,false,false,false,false,false,false,false,false,false,false,false,false,false,false,false],"unobstructed":[true,false,false,false,false,false,false,false,false,false,false,false,false,false,false,false,false,false,false,true,false,false,false,false,false,false,false,true,false,true,false,false,false,false,false,false,false,false,false,false,false,false,false,false,false,false,false,false,true,false,false,false,false,false,false,false,false,false,false,false,false,false,false,false,false,false,false,false,false,false,false],"height":1.4213889760578642},{"image_id":"731e0bf988274e6080d0d90a2bd211e4","pose":[0.661211,-0.0120741,0.750103,7.34289,-0.749973,0.0139277,0.661322,-4.96837,-0.0184321,-0.99983,0.000154126,1.42773,0,0,0,1],"included":true,"visible":[false,false,false,false,false,false,false,false,false,false,false,false,false,false,true,false,false,false,false,false,false,false,false,false,false,false,false,false,true,false,false,false,false,true,false,false,false,false,true,false,false,false,false,false,false,false,false,true,false,false,false,false,true,false,false,false,false,false,false,false,false,false,false,false,false,false,true,false,false,false,false],"unobstructed":[false,false,false,false,false,false,false,false,false,false,false,false,false,false,false,false,false,false,false,false,false,false,false,false,false,false,false,false,true,false,false,false,false,true,false,false,false,false,true,false,false,false,false,false,false,false,false,true,false,false,false,false,false,false,false,false,false,false,false,false,false,false,false,false,false,false,false,false,false,false,false],"height":1.419689418043449},{"image_id":"2bba69769e4f455896f035df440ba267","pose":[-0.0964808,-0.00707072,0.99531,-6.61722,-0.9951,-0.0210478,-0.0966101,-5.72536,0.0216322,-0.999753,-0.00500515,1.41788,0,0,0,1],"included":false,"visible":[false,false,false,false,true,false,false,true,false,false,false,true,false,false,false,false,true,false,false,false,false,false,false,true,false,false,false,false,false,false,false,false,false,false,false,false,false,true,false,false,false,false,false,false,false,false,false,false,false,false,false,false,false,true,true,false,true,false,false,false,false,false,false,true,false,false,false,true,true,false,false],"unobstructed":[false,false,false,false,false,false,false,true,false,false,false,true,false,false,false,false,true,false,false,false,false,false,false,false,false,false,false,false,false,false,false,false,false,false,false,false,false,true,false,false,false,false,false,false,false,false,false,false,false,false,false,false,false,false,false,false,false,false,false,false,false,false,false,true,false,false,false,true,false,false,false],"height":1.4135664874126814},{"image_id":"9e6df4301d8e45b28d96c115dea94756","pose":[-0.972865,0.000556852,-0.231373,-5.99198,0.231336,-0.0156101,-0.972749,-3.85511,-0.0041534,-0.999878,0.0150579,1.40421,0,0,0,1],"included":true,"visible":[true,false,false,false,false,false,false,true,false,false,true,false,false,false,false,false,true,false,false,false,false,false,false,false,true,false,false,false,false,false,false,false,false,false,false,true,false,true,false,false,false,true,false,false,false,false,false,false,false,false,false,true,false,false,false,false,false,false,false,false,false,false,false,true,false,false,false,true,true,false,false],"unobstructed":[false,false,false,false,false,false,false,true,false,false,true,false,false,false,false,false,true,false,false,false,false,false,false,false,true,false,false,false,false,false,false,false,false,false,false,false,false,true,false,false,false,true,false,false,false,false,false,false,false,false,false,false,false,true,false,false,false,false,false,false,false,false,false,false,false,false,false,true,true,false,false],"height":1.4157228929887966},{"image_id":"df428e69750340cdb9612ca81d9b098b","pose":[0.977765,-0.0218233,0.208563,-1.54367,-0.209115,-0.0271736,0.977513,-2.14423,-0.0156651,-0.999392,-0.0311327,1.3973,0,0,0,1],"included":true,"visible":[true,false,false,false,false,false,false,false,true,false,false,false,false,false,false,false,false,false,true,false,false,false,false,false,false,false,false,false,false,true,true,false,false,false,false,false,false,false,false,false,false,true,false,false,false,false,false,false,true,true,false,false,false,false,true,false,true,false,false,false,false,false,false,false,false,true,false,false,false,false,true],"unobstructed":[false,false,false,false,false,false,false,false,false,false,false,false,false,false,false,false,false,false,false,false,false,false,false,false,false,false,false,false,false,false,true,false,false,false,false,false,false,false,false,false,false,true,false,false,false,false,false,false,false,false,false,false,false,false,true,false,true,false,false,false,false,false,false,false,false,true,false,false,false,false,true],"height":1.422132626983063},{"image_id":"797b7729469b451ca723f4a3b35bef85","pose":[0.624651,0.000106019,0.780904,-10.9352,-0.780892,-0.00537665,0.624643,-3.19424,0.00426491,-0.999986,-0.00327553,1.4076,0,0,0,1],"included":true,"visible":[false,false,false,false,true,false,false,false,false,false,false,false,false,false,false,false,false,false,false,false,false,false,false,true,true,false,false,false,false,false,false,false,false,false,false,true,false,false,false,false,false,false,false,false,false,false,false,false,false,false,false,false,false,false,false,false,false,false,false,false,false,false,false,false,false,false,false,false,false,false,false],"unobstructed":[false,false,false,false,true,false,false,false,false,false,false,false,false,false,false,false,false,false,false,false,false,false,false,true,true,false,false,false,false,false,false,false,false,false,false,false,false,false,false,false,false,false,false,false,false,false,false,false,false,false,false,false,false,false,false,false,false,false,false,false,false,false,false,false,false,false,false,false,false,false,false],"height":1.4131506311182118},{"image_id":"300b7aaa06d04bf8b132541c6aa02254","pose":[-0.973124,-0.00666601,0.230184,7.0735,-0.230223,0.00578881,-0.973121,0.529239,0.00515438,-0.999961,-0.00716769,1.43143,0,0,0,1],"included":true,"visible":[false,false,false,false,false,false,false,false,false,true,false,false,false,false,false,false,false,false,false,false,false,false,false,false,false,false,false,false,true,false,false,false,false,false,false,false,false,false,false,false,false,false,false,false,false,false,false,false,false,false,false,false,true,false,false,false,false,false,false,false,false,false,false,false,false,false,true,false,false,false,false],"unobstructed":[false,false,false,false,false,false,false,false,false,false,false,false,false,false,false,false,false,false,false,false,false,false,false,false,false,false,false,false,false,false,false,false,false,false,false,false,false,false,false,false,false,false,false,false,false,false,false,false,true,false,false,false,true,false,false,false,false,false,false,false,false,false,false,false,false,false,true,false,false,false,false],"height":1.420969768752525},{"image_id":"b897a3508d9f43e19ba2b8d48323445a","pose":[0.921037,-0.00532133,0.389439,3.28363,-0.389469,-0.00666557,0.921016,0.70442,-0.00230515,-0.999964,-0.00821152,1.40611,0,0,0,1],"included":true,"visible":[false,false,false,false,false,false,true,false,false,false,false,false,false,false,false,false,false,false,false,false,false,false,false,false,false,false,false,false,false,false,false,false,false,false,true,false,false,false,false,false,false,false,false,false,false,false,false,false,false,false,false,false,false,false,false,false,false,false,false,false,true,false,false,false,false,false,false,false,false,false,true],"unobstructed":[false,false,false,false,false,false,false,false,false,false,false,false,false,false,false,false,false,false,false,false,false,false,false,false,false,false,false,false,false,false,false,false,false,false,true,false,false,false,false,false,false,false,false,false,false,false,false,false,false,false,false,false,false,false,false,false,false,false,false,false,true,false,false,false,false,false,false,false,false,false,false],"height":1.4210062802871686},{"image_id":"181111f8575a49039444d6180bf71c10","pose":[-0.990414,-0.0260629,0.13565,-7.55277,-0.135987,0.0116405,-0.990642,-4.16998,0.0242401,-0.999592,-0.015073,1.41371,0,0,0,1],"included":true,"visible":[false,false,false,false,true,false,false,true,false,false,true,true,false,false,false,false,false,false,false,false,false,false,true,true,false,false,false,false,false,false,false,false,false,false,false,true,false,true,false,false,false,true,false,false,false,false,false,false,false,false,false,true,false,true,false,false,false,false,false,false,false,false,false,true,false,false,false,true,true,false,false],"unobstructed":[false,false,false,false,true,false,false,true,false,false,true,true,false,false,false,false,false,false,false,false,false,false,false,false,true,false,false,false,false,false,false,false,false,false,false,false,false,false,false,false,false,false,false,false,false,false,false,false,false,false,false,true,false,false,false,false,false,false,false,false,false,false,false,true,false,false,false,false,true,false,false],"height":1.4232177683857112},{"image_id":"564ec6d404cb4349a21a05e0b4bc5fc8","pose":[0.166192,-0.0247019,0.985784,-4.59778,-0.986076,-0.0101496,0.165986,-7.39821,0.00590519,-0.999643,-0.0260445,3.52885,0,0,0,1],"included":true,"visible":[false,false,false,false,false,false,false,false,false,false,false,false,false,false,false,false,false,false,false,false,false,false,false,false,false,true,true,false,false,false,false,false,false,false,false,false,false,false,false,false,false,false,false,false,false,false,true,false,false,false,false,false,false,false,false,false,false,true,false,false,false,false,false,false,false,false,false,false,false,true,false],"unobstructed":[false,false,false,false,false,false,false,false,false,false,false,false,false,false,false,false,false,false,false,false,false,false,false,false,false,true,false,false,false,false,false,false,false,false,false,false,false,false,false,false,false,false,false,false,false,false,false,false,false,false,false,false,false,false,false,false,false,false,false,false,false,false,false,false,false,false,false,false,false,true,false],"height":1.2191229560911636},{"image_id":"0c0be1b10965495a8ba10ef89c80483d","pose":[-0.364927,0.0208946,-0.930802,2.97408,0.930923,0.023784,-0.364441,-3.37002,0.0145234,-0.999499,-0.0281304,1.41552,0,0,0,1],"included":true,"visible":[true,false,false,false,false,false,false,false,false,false,false,false,true,false,false,false,false,false,false,false,false,false,false,false,false,false,false,false,false,false,false,false,false,false,false,false,false,false,false,false,false,false,false,false,false,false,false,false,false,true,false,false,false,false,true,false,false,false,false,false,false,true,false,false,false,false,false,false,false,false,false],"unobstructed":[true,false,false,false,false,false,false,false,false,false,false,false,false,false,false,false,false,false,false,false,false,false,false,false,false,false,false,false,false,false,false,false,false,false,false,false,false,false,false,false,false,false,false,false,false,false,false,false,false,true,false,false,false,false,false,false,false,false,false,false,false,true,false,false,false,false,false,false,false,false,false],"height":1.4224336455990148},{"image_id":"badf87714efc482f936c14de653318e5","pose":[-0.386046,0.0188881,-0.922286,4.58638,0.921863,-0.0286386,-0.386456,-3.40217,-0.0337123,-0.999411,-0.00635622,1.41614,0,0,0,1],"included":true,"visible":[true,false,false,true,false,false,false,false,true,false,false,false,false,false,false,false,false,false,false,false,false,false,false,false,false,false,false,true,false,true,false,false,false,false,false,false,false,false,false,false,false,false,false,true,false,false,false,false,true,false,false,false,false,false,false,false,false,false,false,false,false,false,false,false,false,false,false,false,false,false,false],"unobstructed":[true,false,false,false,false,false,false,false,true,false,false,false,false,false,false,false,false,false,false,false,false,false,false,false,false,false,false,true,false,true,false,false,false,false,false,false,false,false,false,false,false,false,false,false,false,false,false,false,true,false,false,false,false,false,false,false,false,false,false,false,false,false,false,false,false,false,false,false,false,false,false],"height":1.4192047844831464},{"image_id":"c4a439a24fc041a789257b81c2b2f832","pose":[0.259132,-0.0284351,0.965423,-4.54133,-0.965702,0.00935879,0.259483,-6.24544,-0.0164136,-0.999552,-0.0250345,1.41536,0,0,0,1],"included":true,"visible":[false,false,false,false,false,false,false,true,false,false,false,false,false,false,false,false,false,false,false,false,false,true,false,true,false,false,false,false,false,false,false,false,false,false,false,true,false,false,false,false,false,false,false,false,false,false,false,false,false,false,false,false,false,false,false,false,true,false,false,false,false,false,false,true,false,false,false,true,false,false,false],"unobstructed":[false,false,false,false,false,false,false,true,false,false,false,false,false,false,false,false,false,false,false,false,false,false,false,false,false,false,false,false,false,false,false,false,false,false,false,false,false,false,false,false,false,false,false,false,false,false,false,false,false,false,false,false,false,false,false,false,false,false,false,false,false,false,false,true,false,false,false,true,false,false,false],"height":1.4021689030044158},{"image_id":"c1be688e07c845d194fa8c32d6327968","pose":[-0.211544,-0.0275651,0.97698,-4.57492,-0.977299,0.0178414,-0.21111,-1.57169,-0.0116113,-0.999461,-0.0307134,1.42178,0,0,0,1],"included":true,"visible":[false,true,false,false,false,false,false,false,false,false,false,false,false,false,false,false,false,false,false,false,false,false,false,false,false,false,false,false,false,false,false,false,false,false,false,true,false,false,false,false,false,true,false,false,false,false,false,false,false,false,false,false,false,false,false,false,false,false,false,false,false,false,false,false,false,false,false,true,false,false,false],"unobstructed":[false,true,false,false,false,false,false,false,false,false,false,false,false,false,false,false,false,false,false,false,false,false,false,false,false,false,false,false,false,false,false,false,false,false,false,false,false,false,false,false,false,true,false,false,false,false,false,false,false,false,false,false,false,false,false,false,false,false,false,false,false,false,false,false,false,false,false,true,false,false,false],"height":1.4210506243386594},{"image_id":"1b59ac5113344d2fb27e6274c9b728f5","pose":[0.865043,-0.0210096,0.501259,-7.20017,-0.501618,-0.0183689,0.864894,0.00258237,-0.00896342,-0.99961,-0.0264285,1.42568,0,0,0,1],"included":true,"visible":[false,true,false,false,false,false,false,false,false,false,true,false,false,false,false,false,false,false,false,false,false,false,false,false,false,false,false,false,false,false,false,false,false,false,false,false,false,false,false,false,false,false,false,false,false,false,false,false,false,false,false,true,false,true,false,false,false,false,false,false,false,false,false,true,false,false,false,false,true,false,false],"unobstructed":[false,true,false,false,false,false,false,false,false,false,false,false,false,false,false,false,false,false,false,false,false,false,false,false,false,false,false,false,false,false,false,false,false,false,false,false,false,false,false,false,false,false,false,false,false,false,false,false,false,false,false,false,false,true,false,false,false,false,false,false,false,false,false,false,false,false,false,false,false,false,false],"height":1.4224205848882694},{"image_id":"fdb41a7ee3f1452d8083fb0996760139","pose":[0.838298,0.0106089,0.545109,-10.8311,-0.544806,-0.0223176,0.838265,-5.45161,0.0210587,-0.999695,-0.0129287,1.41669,0,0,0,1],"included":true,"visible":[false,false,false,false,true,false,false,false,false,false,false,true,false,true,false,false,true,false,false,false,false,false,false,false,false,false,false,false,false,false,false,false,false,false,false,true,false,false,false,false,false,false,false,false,false,false,false,false,false,false,false,true,false,false,false,false,false,false,false,false,false,false,false,false,false,false,false,true,false,false,false],"unobstructed":[false,false,false,false,true,false,false,false,false,false,false,false,false,true,false,false,false,false,false,false,false,false,false,false,false,false,false,false,false,false,false,false,false,false,false,false,false,false,false,false,false,false,false,false,false,false,false,false,false,false,false,true,false,false,false,false,false,false,false,false,false,false,false,true,false,false,false,false,false,false,false],"height":1.4281778462500518},{"image_id":"b20fb75f6c3a4ea08a6f6f8ac7780b8d","pose":[0.543598,-0.0198924,0.839109,-9.56264,-0.839297,-0.00212701,0.543669,-2.73851,-0.00903003,-0.9998,-0.0178516,1.43061,0,0,0,1],"included":true,"visible":[false,false,false,false,true,false,false,false,false,false,false,true,false,true,false,false,false,false,false,false,false,false,false,false,false,false,false,false,false,false,false,false,false,false,false,true,false,true,false,false,false,true,false,false,false,false,false,false,false,false,false,false,false,false,false,false,false,false,false,false,false,false,false,false,false,false,false,true,false,false,false],"unobstructed":[false,false,false,false,false,false,false,false,false,false,false,true,false,true,false,false,true,false,false,false,false,false,false,false,false,false,false,false,false,false,false,false,false,false,false,false,false,false,false,false,false,false,false,false,false,false,false,false,false,false,false,false,false,false,false,false,false,false,false,false,false,false,false,false,false,false,false,false,true,false,false],"height":1.43974716520068},{"image_id":"2468abd2ba7b4e8a9222d3e318c6ad7f","pose":[-0.00910747,-0.0163796,0.999825,-5.38174,-0.999892,-0.0113804,-0.00929464,-7.36605,0.0115307,-0.999801,-0.0162739,4.0528,0,0,0,1],"included":true,"visible":[false,false,false,false,false,false,false,false,false,false,false,false,false,false,false,false,false,true,false,false,false,false,false,false,false,false,true,false,false,false,false,false,false,false,false,false,false,false,false,false,false,false,false,false,false,false,true,false,false,false,true,false,false,false,false,false,false,true,false,false,false,false,false,false,false,false,false,false,false,true,false],"unobstructed":[false,false,false,false,false,false,false,false,false,false,false,false,false,false,false,false,false,true,false,false,false,false,false,false,false,false,false,false,false,false,false,false,false,false,false,false,false,false,false,false,false,false,false,false,false,false,false,false,false,false,false,false,false,false,false,false,false,true,false,false,false,false,false,false,false,false,false,false,false,false,false],"height":1.2190855303264092},{"image_id":"bc563332fa4c48abaef8a1cb712075f8","pose":[0.255932,0.00322668,0.96669,-8.24989,-0.966636,-0.0101901,0.255951,-6.64347,0.0106765,-0.999943,0.000511275,4.39349,0,0,0,1],"included":true,"visible":[false,false,false,false,false,false,false,false,false,false,false,false,false,false,false,false,false,false,false,false,false,false,false,false,false,false,false,false,false,false,false,false,false,false,false,false,true,false,false,false,false,false,false,false,false,false,true,false,false,false,false,false,false,false,false,false,false,true,true,false,false,false,false,false,false,false,false,false,false,false,false],"unobstructed":[false,false,false,false,false,false,false,false,false,false,false,false,false,false,false,false,false,false,false,false,false,false,false,false,false,false,false,false,false,false,false,false,false,false,false,false,true,false,false,false,false,false,false,false,false,false,true,false,false,false,false,false,false,false,false,false,false,true,true,false,false,false,false,false,false,false,false,false,false,false,false],"height":1.4187988606671},{"image_id":"675491e4cc5a459db65fba26b03e6369","pose":[0.540914,0.0127111,-0.840982,4.77203,0.841034,0.00200829,0.540978,-4.1689,0.0085654,-0.999917,-0.00960395,1.41811,0,0,0,1],"included":true,"visible":[false,false,false,true,false,false,false,false,true,false,false,false,false,false,false,false,false,false,false,true,false,false,false,false,false,false,false,false,false,true,false,false,false,false,false,false,false,false,false,false,false,false,false,true,false,false,false,false,false,false,false,false,false,false,false,false,false,false,false,false,false,false,false,false,false,false,false,false,false,false,false],"unobstructed":[false,false,false,true,false,false,false,false,true,false,false,false,false,false,false,false,false,false,false,true,false,false,false,false,false,false,false,false,false,false,false,false,false,false,false,false,false,false,false,false,false,false,false,true,false,false,false,false,false,false,false,false,false,false,false,false,false,false,false,false,false,false,false,false,false,false,false,false,false,false,false],"height":1.4213385740298239},{"image_id":"0e51c17b16974fe3ac943e17686c4842","pose":[0.82107,0.0000920818,-0.570828,7.32776,0.570825,-0.00294042,0.821066,-3.61793,-0.00160282,-0.999996,-0.00246664,1.42831,0,0,0,1],"included":true,"visible":[false,false,false,false,false,false,false,false,false,true,false,false,false,false,true,false,false,false,false,false,false,false,false,false,false,false,false,false,false,false,false,false,false,false,false,false,false,false,true,false,false,false,false,false,false,false,false,false,false,false,false,false,true,false,false,false,false,false,false,false,false,false,false,false,false,false,true,false,false,false,false],"unobstructed":[false,false,false,false,false,false,false,false,false,true,false,false,false,false,false,false,false,false,false,false,false,false,false,false,false,false,false,false,false,false,false,false,false,false,false,false,false,false,false,false,false,false,false,false,false,false,false,false,false,false,false,false,true,false,false,false,false,false,false,false,false,false,false,false,false,false,true,false,false,false,false],"height":1.425085206075118},{"image_id":"f952eefea56c49648f04224fa02e066f","pose":[0.267353,0.0108514,-0.963537,4.43047,0.963595,-0.000265432,0.267366,-3.11324,0.00264559,-0.999941,-0.0105271,1.41973,0,0,0,1],"included":true,"visible":[true,false,false,true,false,false,false,false,true,false,false,false,true,false,false,false,false,false,false,true,false,false,false,false,false,false,false,true,false,false,false,false,false,false,false,false,false,false,false,false,false,false,false,true,false,false,false,false,true,true,false,false,true,false,true,false,false,false,false,false,false,false,false,false,false,false,false,false,false,false,false],"unobstructed":[true,false,false,false,false,false,false,false,true,false,false,false,false,false,false,false,false,false,false,true,false,false,false,false,false,false,false,false,false,false,false,false,false,false,false,false,false,false,false,false,false,false,false,false,false,false,false,false,true,true,false,false,false,false,false,false,false,false,false,false,false,false,false,false,false,false,false,false,false,false,false],"height":1.4242540338953362},{"image_id":"a9d71330f8144d979dcb2af0771cb0b5","pose":[-0.964298,0.0159362,-0.264339,-2.60487,0.26466,0.0233993,-0.964058,1.14026,-0.00917797,-0.999599,-0.0267814,1.39373,0,0,0,1],"included":true,"visible":[false,false,false,false,false,false,true,false,false,false,false,false,true,false,false,true,false,false,false,false,false,false,false,false,false,false,false,false,false,false,false,false,false,false,true,false,false,false,false,false,false,false,false,false,false,false,false,false,false,false,false,false,false,false,false,false,true,false,false,false,true,false,false,false,false,true,false,false,false,false,true],"unobstructed":[false,false,false,false,false,false,false,false,false,false,false,false,true,false,false,false,false,false,false,false,false,false,false,false,false,false,false,false,false,false,false,false,false,false,false,false,false,false,false,false,false,false,false,false,false,false,false,false,false,false,false,false,false,false,false,false,true,false,false,false,false,false,false,false,false,true,false,false,false,false,true],"height":1.4134080797293584},{"image_id":"884a0669e02341679743a69f4049a41f","pose":[-0.9895,-0.00621762,0.144396,-4.39948,-0.144376,-0.00364176,-0.989516,-3.1007,0.00667833,-0.999974,0.00270606,4.53852,0,0,0,1],"included":true,"visible":[false,false,false,false,false,false,false,false,false,false,false,false,false,false,false,false,false,false,false,false,false,false,false,false,false,false,false,false,false,false,false,false,true,false,false,false,false,false,false,true,true,false,false,false,false,false,false,false,false,false,true,false,false,false,false,true,false,false,true,true,false,false,false,false,true,false,false,false,false,false,false],"unobstructed":[false,false,false,false,false,false,false,false,false,false,false,false,false,false,false,false,false,false,false,false,false,false,false,false,false,false,false,false,false,false,false,false,false,false,false,false,false,false,false,false,true,false,false,false,false,false,false,false,false,false,false,false,false,false,false,false,false,false,false,true,false,false,false,false,false,false,false,false,false,false,false],"height":1.4216314439637623},{"image_id":"ca9293fce518481282c3bc9bd6230f4c","pose":[-0.71419,0.0000368282,-0.699951,-1.03661,0.699884,0.013923,-0.714121,-3.46015,0.0097192,-0.999903,-0.00996927,4.54779,0,0,0,1],"included":true,"visible":[false,false,true,false,false,false,false,false,false,false,false,false,false,false,false,false,false,false,false,false,false,false,false,false,false,false,false,false,false,false,false,true,false,false,false,false,false,false,false,true,true,false,true,false,false,false,false,false,false,false,true,false,false,false,false,true,false,false,true,true,false,false,true,false,true,false,false,false,false,false,false],"unobstructed":[false,false,true,false,false,false,false,false,false,false,false,false,false,false,false,false,false,false,false,false,false,false,false,false,false,false,false,false,false,false,false,false,false,false,false,false,false,false,false,false,false,false,true,false,false,false,false,false,false,false,false,false,false,false,false,false,false,false,false,true,false,false,false,false,true,false,false,false,false,false,false],"height":1.382147283283714},{"image_id":"fe9c9d20c3ac4666a01dd87ea2fad630","pose":[0.829157,-0.0124817,0.558876,8.57229,-0.558655,0.0174061,0.829218,-6.31964,-0.0200779,-0.999771,0.00745968,1.42775,0,0,0,1],"included":true,"visible":[false,false,false,false,false,false,false,false,false,true,false,false,false,false,false,false,false,false,false,false,false,false,false,false,false,false,false,false,false,false,false,false,false,false,false,false,false,false,true,false,false,false,false,false,false,false,false,true,false,false,false,false,false,false,false,false,false,false,false,false,false,false,false,false,false,false,false,false,false,false,false],"unobstructed":[false,false,false,false,false,false,false,false,false,true,false,false,false,false,false,false,false,false,false,false,false,false,false,false,false,false,false,false,false,false,false,false,false,false,false,false,false,false,true,false,false,false,false,false,false,false,false,true,false,false,false,false,false,false,false,false,false,false,false,false,false,false,false,false,false,false,false,false,false,false,false],"height":1.4187561736371423},{"image_id":"1084a51245eb45f59e6493068d74b7ea","pose":[-0.467737,0.0329046,-0.883255,5.02402,0.883779,0.00325943,-0.467893,0.362237,-0.0125169,-0.999453,-0.0306047,1.41322,0,0,0,1],"included":true,"visible":[false,false,false,false,false,false,false,false,false,false,false,false,false,false,false,true,false,false,false,false,false,false,false,false,false,false,false,false,false,false,false,false,false,false,false,false,false,false,false,false,false,false,false,false,false,false,false,false,false,false,false,false,false,false,false,false,false,false,false,false,true,false,false,false,false,false,false,false,false,false,false],"unobstructed":[false,false,false,false,false,false,false,false,false,false,false,false,false,false,false,true,false,false,false,false,false,false,false,false,false,false,false,false,false,false,false,false,false,false,false,false,false,false,false,false,false,false,false,false,false,false,false,false,false,false,false,false,false,false,false,false,false,false,false,false,false,false,false,false,false,false,false,false,false,false,false],"height":1.4283773214989466},{"image_id":"0d24c66abcef47fa898d9c239e6a3de9","pose":[0.983217,0.00792094,-0.182269,-3.28917,0.182416,-0.0259325,0.982879,-6.12942,0.00305867,-0.999632,-0.0269419,2.30521,0,0,0,1],"included":true,"visible":[false,true,false,false,true,false,false,false,false,false,false,true,false,false,false,false,true,false,false,false,false,true,false,true,false,false,false,false,false,false,false,false,false,false,false,false,false,true,false,false,false,true,false,false,false,false,false,false,false,false,false,false,false,false,false,false,false,false,false,false,false,false,false,false,false,false,false,true,true,true,false],"unobstructed":[false,false,false,false,false,false,false,false,false,false,false,false,false,false,false,false,false,false,false,false,false,false,false,false,false,false,false,false,false,false,false,false,false,false,false,false,false,false,false,false,false,true,false,false,false,false,false,false,false,false,false,false,false,false,false,false,false,false,false,false,false,false,false,false,false,false,false,false,false,true,false],"height":1.2319999858937443},{"image_id":"37d63e44ec8648da87ca873c47a510ee","pose":[-0.766432,-0.000269728,-0.642325,-4.87108,0.642312,-0.00672888,-0.766413,-6.42421,-0.00411536,-0.999977,0.00533069,4.4116,0,0,0,1],"included":true,"visible":[false,false,false,false,false,false,false,false,false,false,false,false,false,false,false,false,false,true,false,false,false,false,false,false,false,false,true,false,false,false,false,false,false,false,false,false,false,false,false,false,false,false,false,false,false,false,true,false,false,false,false,false,false,false,false,false,false,true,false,false,false,false,false,false,false,false,false,false,false,true,false],"unobstructed":[false,false,false,false,false,false,false,false,false,false,false,false,false,false,false,false,false,false,false,false,false,false,false,false,false,false,true,false,false,false,false,false,false,false,false,false,false,false,false,false,false,false,false,false,false,false,true,false,false,false,false,false,false,false,false,false,false,true,false,false,false,false,false,false,false,false,false,false,false,false,false],"height":1.4098568965720482},{"image_id":"118169c7cc3f488e88a237f10cad437b","pose":[0.983168,-0.00412401,-0.182659,-3.34478,0.182476,-0.0279634,0.982813,-4.47608,-0.00916085,-0.9996,-0.02674,1.40758,0,0,0,1],"included":true,"visible":[false,false,false,false,false,false,false,false,false,false,false,true,false,false,false,false,true,false,false,false,false,false,false,false,true,false,false,false,false,false,false,false,false,false,false,true,false,false,false,false,false,true,false,false,false,false,false,false,false,false,false,true,false,false,true,false,true,false,false,false,false,false,false,false,false,false,false,true,true,true,false],"unobstructed":[false,false,false,false,false,false,false,false,false,false,true,true,false,false,false,false,false,false,false,false,false,false,false,false,false,false,false,false,false,false,false,false,false,false,false,false,false,false,false,false,false,true,false,false,false,false,false,false,false,false,false,false,false,false,false,false,true,false,false,false,false,false,false,false,false,false,false,true,false,false,false],"height":1.4294627874953356},{"image_id":"5d143906064a45fb8a5a75c1fd9e9e69","pose":[-0.942972,0.0133199,0.332605,6.62678,-0.332645,-0.000792396,-0.943052,-7.01505,-0.0122978,-0.999911,0.00517823,1.43201,0,0,0,1],"included":true,"visible":[false,false,false,false,false,false,false,false,false,true,false,false,false,false,false,false,false,false,false,false,false,false,false,false,false,false,false,false,true,false,false,false,false,true,false,false,false,false,false,false,false,false,false,false,false,false,false,true,false,false,false,false,false,false,false,false,false,false,false,false,false,false,false,false,false,false,false,false,false,false,false],"unobstructed":[false,false,false,false,false,false,false,false,false,true,false,false,false,false,false,false,false,false,false,false,false,false,false,false,false,false,false,false,false,false,false,false,false,true,false,false,false,false,false,false,false,false,false,false,false,false,false,true,false,false,false,false,false,false,false,false,false,false,false,false,false,false,false,false,false,false,false,false,false,false,false],"height":1.4138947813232634},{"image_id":"0474c76236cf49399eec4f9c4f519822","pose":[-0.735272,-0.00270096,0.677767,3.44219,-0.677714,0.0160448,-0.735151,1.30367,-0.00888899,-0.999868,-0.0136276,4.51932,0,0,0,1],"included":true,"visible":[false,false,true,false,false,false,false,false,false,false,false,false,false,false,false,false,false,false,false,false,false,false,false,false,false,false,false,false,false,false,false,false,true,false,false,false,false,false,false,false,false,false,true,false,false,true,false,false,false,false,false,false,false,false,false,false,false,false,false,true,false,false,true,false,true,false,false,false,false,false,false],"unobstructed":[false,false,false,false,false,false,false,false,false,false,false,false,false,false,false,false,false,false,false,false,false,false,false,false,false,false,false,false,false,false,false,false,false,false,false,false,false,false,false,false,false,false,true,false,false,true,false,false,false,false,false,false,false,false,false,true,false,false,false,false,false,false,true,false,false,false,false,false,false,false,false],"height":0.9650368141314156},{"image_id":"0ed4c12ae2734b52866842a32a2bbaad","pose":[-0.999913,-0.00925497,0.00939089,-5.68369,-0.00945741,0.00716924,-0.99993,-3.14722,0.00918703,-0.999931,-0.00725593,4.53355,0,0,0,1],"included":true,"visible":[false,false,false,false,false,false,false,false,false,false,false,false,false,false,false,false,false,false,false,false,false,false,false,false,false,false,true,false,false,false,false,true,true,false,false,false,false,false,false,false,false,false,false,false,false,false,false,false,false,false,true,false,false,false,false,true,false,false,true,true,false,false,false,false,true,false,false,false,false,false,false],"unobstructed":[false,false,false,false,false,false,false,false,false,false,false,false,false,false,false,false,false,false,false,false,false,false,false,false,false,false,false,false,false,false,false,true,false,false,false,false,false,false,false,false,false,false,false,false,false,false,false,false,false,false,true,false,false,false,false,false,false,false,false,false,false,false,false,false,false,false,false,false,false,false,false],"height":1.4202573206477207},{"image_id":"e94cd6b986b5456990723fa8d9612759","pose":[0.988924,0.00868414,-0.14817,-3.33919,0.148305,-0.0178178,0.988781,-5.11401,0.00594669,-0.999803,-0.0189081,1.59919,0,0,0,1],"included":true,"visible":[false,true,false,false,false,false,false,false,false,false,false,true,true,false,false,false,true,false,false,false,false,true,false,false,true,false,false,false,false,false,false,false,false,false,false,true,false,true,false,false,false,false,false,false,false,false,false,false,false,false,false,true,false,false,true,false,true,false,false,false,false,false,false,true,false,false,false,true,true,true,true],"unobstructed":[false,false,false,false,false,false,false,false,false,false,false,true,true,false,false,false,false,false,false,false,false,true,false,false,false,false,false,false,false,false,false,false,false,false,false,true,false,true,false,false,false,false,false,false,false,false,false,false,false,false,false,false,false,false,false,false,true,false,false,false,false,false,false,false,false,false,false,true,false,false,false],"height":1.2300087488128153},{"image_id":"a748d2c29b664cf0b256534cee04eb43","pose":[-0.99165,-0.00845798,0.128683,1.44802,-0.12875,0.00793374,-0.991645,-0.929338,0.00736642,-0.999933,-0.00895624,4.54614,0,0,0,1],"included":true,"visible":[false,false,true,false,false,false,false,false,false,false,false,false,false,false,false,false,false,false,false,false,false,false,false,false,false,false,false,false,false,false,false,false,true,false,false,false,false,false,false,true,false,false,false,false,false,true,false,false,false,false,false,false,false,false,false,false,false,false,false,false,false,false,true,false,true,false,false,false,false,false,false],"unobstructed":[false,false,true,false,false,false,false,false,false,false,false,false,false,false,false,false,false,false,false,false,false,false,false,false,false,false,false,false,false,false,false,false,true,false,false,false,false,false,false,true,false,false,false,false,false,true,false,false,false,false,false,false,false,false,false,true,false,false,false,false,false,false,false,false,true,false,false,false,false,false,false],"height":1.3777697681905723},{"image_id":"bb0f7bb7c69c4a1ebe5491a073aabeed","pose":[-0.815768,0.0234653,-0.577902,4.90698,0.577695,-0.0154834,-0.816105,-4.59878,-0.028098,-0.999605,-0.000924726,1.41794,0,0,0,1],"included":true,"visible":[false,false,false,true,false,false,false,false,false,false,false,false,false,false,false,false,false,false,false,true,false,false,false,false,false,false,false,true,false,true,false,false,false,false,false,false,false,false,false,false,false,false,false,false,false,false,false,false,false,false,false,false,false,false,false,false,false,false,false,false,false,false,false,false,false,false,false,false,false,false,false],"unobstructed":[false,false,false,true,false,false,false,false,false,false,false,false,false,false,false,false,false,false,false,false,false,false,false,false,false,false,false,true,false,false,false,false,false,false,false,false,false,false,false,false,false,false,false,false,false,false,false,false,false,false,false,false,false,false,false,false,false,false,false,false,false,false,false,false,false,false,false,false,false,false,false],"height":1.4226804955082715},{"image_id":"322815e7401746019aace70789e5aec7","pose":[0.416548,-0.00115508,0.909113,-11.2012,-0.909055,-0.0118415,0.416506,-5.26893,0.0102842,-0.999929,-0.00598238,4.54893,0,0,0,1],"included":true,"visible":[false,false,false,false,false,false,false,false,false,false,false,false,false,false,false,false,false,false,false,false,false,false,false,false,false,false,false,false,false,false,false,true,false,false,false,false,false,false,false,false,true,false,false,false,false,false,false,false,false,false,true,false,false,false,false,false,false,true,true,true,false,false,false,false,false,false,false,false,false,false,false],"unobstructed":[false,false,false,false,false,false,false,false,false,false,false,false,false,false,false,false,false,false,false,false,false,false,false,false,false,false,false,false,false,false,false,false,false,false,false,false,false,false,false,false,false,false,false,false,false,false,true,false,false,false,false,false,false,false,false,false,false,false,true,false,false,false,false,false,false,false,false,false,false,false,false],"height":1.4003880908706847},{"image_id":"90ca0b4ba53348688017ab8ba661e2c7","pose":[-0.137677,-0.00495155,-0.990465,5.83986,0.99047,0.00320113,-0.137693,-1.93305,0.00385245,-0.999983,0.00446385,4.54237,0,0,0,1],"included":true,"visible":[false,false,true,false,false,false,false,false,false,false,false,false,false,false,false,false,false,false,false,false,false,false,false,false,false,false,false,false,false,false,false,false,true,false,false,false,false,false,false,true,false,false,true,false,false,false,false,false,false,false,true,false,false,false,false,true,false,false,true,true,false,false,true,false,true,false,false,false,false,false,false],"unobstructed":[false,false,false,false,false,false,false,false,false,false,false,false,false,false,false,false,false,false,false,false,false,false,false,false,false,false,false,false,false,false,false,false,false,false,false,false,false,false,false,true,false,false,true,false,false,false,false,false,false,false,false,false,false,false,false,true,false,false,false,false,false,false,true,false,true,false,false,false,false,false,false],"height":1.4143863283476863},{"image_id":"42b4de3318a74ec78dcd6f80803ea859","pose":[-0.640472,-0.00836589,0.767936,-9.08572,-0.767862,-0.0106061,-0.640527,-6.16565,0.0135035,-0.999909,0.000369299,4.55033,0,0,0,1],"included":true,"visible":[false,false,false,false,false,false,false,false,false,false,false,false,false,false,false,false,false,false,false,false,false,false,false,false,false,false,true,false,false,false,false,false,false,false,false,false,true,false,false,false,false,false,false,false,true,false,false,false,false,false,true,false,false,false,false,false,false,true,true,false,false,false,false,false,false,false,false,false,false,false,false],"unobstructed":[false,false,false,false,false,false,false,false,false,false,false,false,false,false,false,false,false,false,false,false,false,false,false,false,false,false,true,false,false,false,false,false,false,false,false,false,true,false,false,false,false,false,false,false,true,false,false,false,false,false,true,false,false,false,false,false,false,false,true,false,false,false,false,false,false,false,false,false,false,false,false],"height":1.4101131256158324},{"image_id":"66d32e6e1f5847bab89af0d5c61c120d","pose":[-0.596457,-0.00699596,-0.802615,8.32548,0.802644,-0.00369637,-0.596446,-5.68442,0.00120599,-0.999969,0.0078202,1.43215,0,0,0,1],"included":true,"visible":[false,false,false,false,false,false,false,false,false,true,false,false,false,false,false,false,false,false,false,false,false,false,false,false,false,false,false,false,false,false,false,false,false,true,false,false,false,false,true,false,false,false,false,false,false,false,false,false,false,false,false,false,false,false,false,false,false,false,false,false,false,false,false,false,false,false,false,false,false,false,false],"unobstructed":[false,false,false,false,false,false,false,false,false,true,false,false,false,false,false,false,false,false,false,false,false,false,false,false,false,false,false,false,false,false,false,false,false,true,false,false,false,false,true,false,false,false,false,false,false,false,false,false,false,false,false,false,false,false,false,false,false,false,false,false,false,false,false,false,false,false,false,false,false,false,false],"height":1.422096531805779},{"image_id":"80c8894d436e45148577bcb0ebb45889","pose":[0.106819,-0.00975335,0.994231,6.08116,-0.99396,0.0242639,0.107028,-2.67667,-0.0251677,-0.999658,-0.00710238,1.42323,0,0,0,1],"included":true,"visible":[true,false,false,false,false,false,false,false,true,false,false,false,false,false,true,false,false,false,false,true,false,false,false,false,false,false,false,false,false,true,false,false,false,false,false,false,false,false,false,false,false,false,false,false,false,false,false,false,false,true,false,false,true,false,true,false,false,false,false,false,false,false,false,false,false,false,false,false,false,false,false],"unobstructed":[false,false,false,false,false,false,false,false,true,false,false,false,false,false,true,false,false,false,false,true,false,false,false,false,false,false,false,false,false,true,false,false,false,false,false,false,false,false,false,false,false,false,false,false,false,false,false,false,false,false,false,false,true,false,false,false,false,false,false,false,false,false,false,false,false,false,true,false,false,false,false],"height":1.4227812132091295},{"image_id":"7507d89cc172439dbd238eee34cda7a4","pose":[0.484221,0.0208545,-0.874697,1.41731,0.874846,0.00351786,0.484388,-3.32944,0.0131788,-0.999776,-0.0165408,1.41152,0,0,0,1],"included":true,"visible":[true,false,false,false,false,false,false,false,true,false,false,false,true,false,false,false,false,false,true,false,false,false,false,false,false,false,false,false,false,true,false,false,false,false,false,false,false,false,false,false,false,false,false,false,false,false,false,false,true,false,false,false,true,false,true,false,false,false,false,false,false,true,false,false,false,false,false,false,false,false,false],"unobstructed":[true,false,false,false,false,false,false,false,false,false,false,false,false,false,false,false,false,false,true,false,false,false,false,false,false,false,false,false,false,true,false,false,false,false,false,false,false,false,false,false,false,false,false,false,false,false,false,false,false,false,false,false,false,false,true,false,false,false,false,false,false,true,false,false,false,false,false,false,false,false,false],"height":1.4254152840469383},{"image_id":"987ba42081144f569eac1ddea227612a","pose":[0.133405,-0.015084,0.990947,-7.76724,-0.99106,-0.00374814,0.133363,-3.83829,0.0017026,-0.999879,-0.0154489,4.54394,0,0,0,1],"included":true,"visible":[false,false,false,false,false,false,false,false,false,false,false,false,false,false,false,false,false,false,false,false,false,false,false,false,false,false,false,false,false,false,false,true,true,false,false,false,false,false,false,false,true,false,false,false,false,false,true,false,false,false,false,false,false,false,false,true,false,false,true,true,false,false,false,false,true,false,false,false,false,false,false],"unobstructed":[false,false,false,false,false,false,false,false,false,false,false,false,false,false,false,false,false,false,false,false,false,false,false,false,false,false,false,false,false,false,false,false,false,false,false,false,false,false,false,false,true,false,false,false,false,false,true,false,false,false,false,false,false,false,false,false,false,false,true,false,false,false,false,false,false,false,false,false,false,false,false],"height":1.4218714649388717},{"image_id":"80d0c5f35b044888aa698481d04d3bf9","pose":[0.548215,0.000657248,0.836337,-8.39304,-0.836068,-0.0249284,0.548059,-4.51972,0.0212088,-0.999689,-0.0131164,1.4147,0,0,0,1],"included":true,"visible":[false,false,false,false,true,false,false,false,false,false,false,true,false,false,false,false,true,false,false,false,false,false,true,true,false,false,false,false,false,false,false,false,false,false,false,true,false,true,false,false,false,false,false,false,false,false,false,false,false,false,false,false,false,true,false,false,false,false,false,false,false,false,false,false,false,false,false,true,true,false,false],"unobstructed":[false,false,false,false,true,false,false,false,false,false,false,false,false,false,false,false,true,false,false,false,false,false,false,true,false,false,false,false,false,false,false,false,false,false,false,false,false,false,false,false,false,false,false,false,false,false,false,false,false,false,false,false,false,false,false,false,false,false,false,false,false,false,false,false,false,false,false,false,true,false,false],"height":1.4122435372677402},{"image_id":"fde766aee33345558610cbd26833607d","pose":[-0.667595,0.00479683,0.744509,7.45505,-0.744476,0.0070938,-0.667611,-2.27944,-0.00848377,-0.999963,-0.00116445,1.42731,0,0,0,1],"included":true,"visible":[true,false,false,false,false,false,false,false,true,true,false,false,false,false,true,false,false,false,false,false,false,false,false,false,false,false,false,false,true,true,false,false,false,false,false,false,false,false,false,false,false,false,false,false,false,false,false,false,true,true,false,false,false,false,true,false,false,false,false,false,false,false,false,false,false,false,true,false,false,false,false],"unobstructed":[false,false,false,false,false,false,false,false,false,false,false,false,false,false,true,false,false,false,false,false,false,false,false,false,false,false,false,false,true,false,false,false,false,false,false,false,false,false,false,false,false,false,false,false,false,false,false,false,true,false,false,false,false,false,false,false,false,false,false,false,false,false,false,false,false,false,true,false,false,false,false],"height":1.4155209151801176},{"image_id":"f2e7d33780ae42e087a760e7db92128b","pose":[0.73295,-0.00306483,-0.680275,-7.44729,0.680232,-0.00885898,0.732943,-1.41585,-0.00827285,-0.999956,-0.00440818,1.4257,0,0,0,1],"included":true,"visible":[false,false,false,false,false,false,false,true,false,false,false,true,false,false,false,false,true,false,false,false,false,false,true,false,false,false,false,false,false,false,false,false,false,false,false,false,false,false,false,false,false,true,false,false,false,false,false,false,false,false,false,false,false,false,false,false,false,false,false,false,false,false,false,true,false,false,false,false,true,false,false],"unobstructed":[false,false,false,false,false,false,false,false,false,false,false,true,false,false,false,false,false,false,false,false,false,false,true,false,false,false,false,false,false,false,false,false,false,false,false,false,false,false,false,false,false,false,false,false,false,false,false,false,false,false,false,false,false,false,false,false,false,false,false,false,false,false,false,false,false,false,false,false,true,false,false],"height":1.4275169721057266},{"image_id":"e1ac54fab83242b889a95320811c68e5","pose":[0.0793471,0.0148623,-0.996736,-0.336968,0.9968,0.00855864,0.0794799,-2.71458,0.009712,-0.999853,-0.0141354,1.40208,0,0,0,1],"included":true,"visible":[true,false,false,false,false,false,false,false,true,false,false,false,true,false,false,false,false,false,true,false,false,false,false,false,false,false,false,false,false,true,false,false,false,false,false,false,false,true,false,false,false,true,false,false,false,false,false,false,true,true,false,false,true,false,false,false,true,false,false,false,false,false,false,false,false,true,false,false,false,false,false],"unobstructed":[true,false,false,false,false,false,false,false,false,false,false,false,true,false,false,false,false,false,false,false,false,false,false,false,false,false,false,false,false,false,false,false,false,false,false,false,false,false,false,false,false,false,false,false,false,false,false,false,false,true,false,false,false,false,false,false,true,false,false,false,false,false,false,false,false,true,false,false,false,false,false],"height":1.4243536414291804},{"image_id":"dee381115b18481c8e90a89f87cc5b94","pose":[-0.998526,-0.0177601,0.0512922,4.10149,-0.0515423,0.0139174,-0.998574,-3.34375,0.017021,-0.999745,-0.0148121,4.54703,0,0,0,1],"included":true,"visible":[false,false,true,false,false,false,false,false,false,false,false,false,false,false,false,false,false,false,false,false,false,false,false,false,false,false,false,false,false,false,false,true,true,false,false,false,false,false,false,true,true,false,true,false,false,true,false,false,false,false,true,false,false,false,false,false,false,false,true,true,false,false,true,false,true,false,false,false,false,false,false],"unobstructed":[false,false,false,false,false,false,false,false,false,false,false,false,false,false,false,false,false,false,false,false,false,false,false,false,false,false,false,false,false,false,false,false,false,false,false,false,false,false,false,true,false,false,true,false,false,true,false,false,false,false,false,false,false,false,false,false,false,false,false,false,false,false,false,false,true,false,false,false,false,false,false],"height":1.4182676981897449},{"image_id":"4069c437611e44c69edf8175de76b201","pose":[0.194535,0.00999532,-0.980844,-1.83782,0.980772,-0.0178308,0.194339,-3.39318,-0.0155468,-0.999791,-0.0132716,1.40167,0,0,0,1],"included":true,"visible":[false,false,false,false,false,false,false,false,false,false,false,false,true,false,false,false,false,false,false,false,false,false,false,false,false,false,false,false,false,false,true,false,false,false,false,false,false,true,false,false,false,true,false,false,false,false,false,false,false,false,false,false,false,false,true,false,false,false,false,false,false,false,false,false,false,false,false,false,false,false,false],"unobstructed":[false,false,false,false,false,false,false,false,false,false,false,false,true,false,false,false,false,false,false,false,false,false,false,false,false,false,false,false,false,false,true,false,false,false,false,false,false,true,false,false,false,true,false,false,false,false,false,false,false,false,false,false,false,false,true,false,false,false,false,false,false,false,false,false,false,false,false,false,false,false,false],"height":1.424618160680242},{"image_id":"bace700b94f743d1bedc82b611604dee","pose":[-0.196476,-0.00139918,0.980507,-6.32967,-0.980458,-0.00984295,-0.19648,-7.08979,0.00992604,-0.999951,0.000562276,4.39196,0,0,0,1],"included":true,"visible":[false,false,false,false,false,false,false,false,false,false,false,false,false,false,false,false,false,true,false,false,false,false,false,false,false,true,true,false,false,false,false,false,false,false,false,false,true,false,false,false,false,false,false,false,false,false,true,false,false,false,false,false,false,false,false,false,false,false,false,false,false,false,false,false,false,false,false,false,false,true,false],"unobstructed":[false,false,false,false,false,false,false,false,false,false,false,false,false,false,false,false,false,false,false,false,false,false,false,false,false,true,true,false,false,false,false,false,false,false,false,false,true,false,false,false,false,false,false,false,false,false,false,false,false,false,false,false,false,false,false,false,false,false,false,false,false,false,false,false,false,false,false,false,false,false,false],"height":1.404090573240235},{"image_id":"5cbc5e8f99984c978157cbd49e1d95fd","pose":[-0.807639,-0.0182954,0.589393,-8.87046,-0.589605,0.00950783,-0.807635,-4.00645,0.00917224,-0.999787,-0.0184658,4.55207,0,0,0,1],"included":true,"visible":[false,false,false,false,false,false,false,false,false,false,false,false,false,false,false,false,false,false,false,false,false,false,false,false,false,false,true,false,false,false,false,true,true,false,false,false,false,false,false,false,true,false,false,false,true,false,true,false,false,false,true,false,false,false,false,true,false,false,false,true,false,false,false,false,false,false,false,false,false,false,false],"unobstructed":[false,false,false,false,false,false,false,false,false,false,false,false,false,false,false,false,false,false,false,false,false,false,false,false,false,false,true,false,false,false,false,false,false,false,false,false,false,false,false,false,false,false,false,false,true,false,true,false,false,false,true,false,false,false,false,false,false,false,false,false,false,false,false,false,false,false,false,false,false,false,false],"height":1.4169529492434307},{"image_id":"deade6958e8845448d4594169d435b5c","pose":[-0.742328,-0.0149009,-0.669871,-2.55554,0.670002,-0.00626221,-0.742333,-3.21927,0.00686664,-0.999869,0.0146325,4.54994,0,0,0,1],"included":true,"visible":[false,false,true,false,false,false,false,false,false,false,false,false,false,false,false,false,false,false,false,false,false,false,false,false,false,false,false,false,false,false,false,true,true,false,false,false,false,false,false,true,true,false,false,false,false,false,false,false,false,false,true,false,false,false,false,true,false,false,true,false,false,false,true,false,true,false,false,false,false,false,false],"unobstructed":[false,false,true,false,false,false,false,false,false,false,false,false,false,false,false,false,false,false,false,false,false,false,false,false,false,false,false,false,false,false,false,true,true,false,false,false,false,false,false,false,false,false,false,false,false,false,false,false,false,false,false,false,false,false,false,false,false,false,false,false,false,false,false,false,false,false,false,false,false,false,false],"height":1.3973405525302325},{"image_id":"57fbd8afe1fd42b79a657087919aa2fa","pose":[0.986001,-0.0010712,0.166735,2.10228,-0.166727,-0.0178305,0.985842,0.788994,0.00191698,-0.99984,-0.0177593,1.39679,0,0,0,1],"included":true,"visible":[false,false,false,false,false,false,true,false,false,false,false,false,false,false,false,true,false,false,false,false,false,false,false,false,false,false,false,false,false,false,false,false,false,false,true,false,false,false,false,false,false,false,false,false,false,false,false,false,false,false,false,false,false,false,false,false,false,false,false,false,false,false,false,false,false,true,false,false,false,false,true],"unobstructed":[false,false,false,false,false,false,true,false,false,false,false,false,false,false,false,true,false,false,false,false,false,false,false,false,false,false,false,false,false,false,false,false,false,false,false,false,false,false,false,false,false,false,false,false,false,false,false,false,false,false,false,false,false,false,false,false,false,false,false,false,false,false,false,false,false,false,false,false,false,false,false],"height":1.4146510086701003},{"image_id":"23c4fc0e00a741c8a631f859af1af23c","pose":[0.574753,0.0333551,-0.817646,2.0023,0.818217,-0.00710377,0.574865,-4.15245,0.0133663,-0.999418,-0.0313744,1.41104,0,0,0,1],"included":true,"visible":[true,false,false,false,false,false,false,false,false,false,false,false,false,false,false,false,false,false,true,false,false,false,false,false,false,false,false,false,false,false,false,false,false,false,false,false,false,false,false,false,false,false,false,false,false,false,false,false,false,true,false,false,false,false,false,false,false,false,false,false,false,false,false,false,false,false,false,false,false,false,false],"unobstructed":[true,false,false,false,false,false,false,false,false,false,false,false,false,false,false,false,false,false,true,false,false,false,false,false,false,false,false,false,false,false,false,false,false,false,false,false,false,false,false,false,false,false,false,false,false,false,false,false,false,true,false,false,false,false,false,false,false,false,false,false,false,false,false,false,false,false,false,false,false,false,false],"height":1.4296619389398808},{"image_id":"202c0c5fee334297926cca560dfdd9ef","pose":[-0.999896,0.00447244,0.013705,8.93248,-0.0136882,0.00381843,-0.999899,-1.81483,-0.00452428,-0.999983,-0.0037566,4.54948,0,0,0,1],"included":true,"visible":[false,false,true,false,false,false,false,false,false,false,false,false,false,false,false,false,false,false,false,false,false,false,false,false,false,false,false,false,false,false,false,false,true,false,false,false,false,false,false,true,false,false,true,false,false,true,false,false,false,false,true,false,false,false,false,true,false,false,true,true,false,false,false,false,true,false,false,false,false,false,false],"unobstructed":[false,false,false,false,false,false,false,false,false,false,false,false,false,false,false,false,false,false,false,false,false,false,false,false,false,false,false,false,false,false,false,false,false,false,false,false,false,false,false,true,false,false,false,false,false,true,false,false,false,false,false,false,false,false,false,false,false,false,false,false,false,false,false,false,false,false,false,false,false,false,false],"height":1.4134402088259903},{"image_id":"a4d5eec9ed4a4e009be65a84aab88e70","pose":[-0.0383691,-0.0129963,0.999179,-6.81771,-0.999128,-0.0159885,-0.0385752,-6.99441,0.0164767,-0.999788,-0.0123713,1.4188,0,0,0,1],"included":true,"visible":[false,false,false,false,false,false,false,true,false,false,true,true,false,false,false,false,false,false,false,false,true,false,true,true,false,false,false,false,false,false,false,false,false,false,false,false,false,false,false,false,false,false,false,false,false,false,false,false,false,false,false,false,false,true,true,false,true,false,false,false,false,false,false,false,false,false,false,false,false,false,false],"unobstructed":[false,false,false,false,false,false,false,true,false,false,true,false,false,false,false,false,true,false,false,false,true,false,false,true,false,false,false,false,false,false,false,false,false,false,false,false,false,false,false,false,false,false,false,false,false,false,false,false,false,false,false,false,false,false,false,false,false,false,false,false,false,false,false,false,false,false,false,false,false,false,false],"height":1.4230774896379372},{"image_id":"59d35dd85e8f4b33954dc51f4d8f0db2","pose":[-0.325278,0.00972778,-0.945568,1.46848,0.945594,0.0105361,-0.325178,-3.45414,0.00679936,-0.999897,-0.0126255,4.55218,0,0,0,1],"included":true,"visible":[false,false,true,false,false,false,false,false,false,false,false,false,false,false,false,false,false,false,false,false,false,false,false,false,false,false,false,false,false,false,false,true,true,false,false,false,false,false,false,true,true,false,true,false,false,true,false,false,false,false,true,false,false,false,false,true,false,false,false,true,false,false,true,false,false,false,false,false,false,false,false],"unobstructed":[false,false,true,false,false,false,false,false,false,false,false,false,false,false,false,false,false,false,false,false,false,false,false,false,false,false,false,false,false,false,false,false,true,false,false,false,false,false,false,false,false,false,true,false,false,true,false,false,false,false,false,false,false,false,false,true,false,false,false,false,false,false,false,false,false,false,false,false,false,false,false],"height":1.3859225423386463},{"image_id":"553465b804fb4fc29bf530f71dfdf1d5","pose":[0.405334,0.0151887,0.914042,-2.62447,-0.914168,0.00546819,0.405299,-0.552446,0.00115786,-0.99987,0.0161017,1.39861,0,0,0,1],"included":true,"visible":[false,false,false,false,false,false,true,false,false,false,false,false,true,false,false,true,false,false,false,false,false,false,false,false,false,false,false,false,false,false,true,false,false,false,false,false,false,false,false,false,false,false,false,false,false,false,false,false,false,false,false,false,false,false,true,false,false,false,false,false,true,false,false,false,false,false,false,false,false,false,true],"unobstructed":[false,false,false,false,false,false,false,false,false,false,false,false,true,false,false,false,false,false,false,false,false,false,false,false,false,false,false,false,false,false,true,false,false,false,false,false,false,false,false,false,false,false,false,false,false,false,false,false,false,false,false,false,false,false,true,false,false,false,false,false,false,false,false,false,false,false,false,false,false,false,true],"height":1.4163588397771048},{"image_id":"869d285a0a7640329b1bcb1bd6fa2362","pose":[-0.999269,-0.00883711,0.0372045,6.84377,-0.0372809,0.00862462,-0.999268,-0.94158,0.0085098,-0.999924,-0.00894755,1.42837,0,0,0,1],"included":true,"visible":[false,false,false,false,false,false,false,false,false,true,false,false,false,false,true,false,false,false,false,false,false,false,false,false,false,false,false,false,true,false,false,false,false,false,false,false,false,false,false,false,false,false,false,false,false,false,false,false,false,false,false,false,true,false,false,false,false,false,false,false,false,false,false,false,false,false,false,false,false,false,false],"unobstructed":[false,false,false,false,false,false,false,false,false,false,false,false,false,false,true,false,false,false,false,false,false,false,false,false,false,false,false,false,true,false,false,false,false,false,false,false,false,false,false,false,false,false,false,false,false,false,false,false,true,false,false,false,true,false,false,false,false,false,false,false,false,false,false,false,false,false,false,false,false,false,false],"height":1.4190538069003316},{"image_id":"feb3e37459f942f98d53eb78d66375f5","pose":[-0.566412,0.0260919,-0.823709,-4.63599,0.824109,0.012335,-0.566296,-3.56353,-0.00461521,-0.999583,-0.028489,1.40639,0,0,0,1],"included":true,"visible":[false,false,false,false,false,false,false,false,false,false,true,true,false,false,false,false,true,false,false,false,false,true,false,false,true,false,false,false,false,false,false,false,false,false,false,false,false,true,false,false,false,true,false,false,false,false,false,false,false,false,false,true,false,false,false,false,false,false,false,false,false,false,false,false,false,false,false,false,true,false,false],"unobstructed":[false,false,false,false,false,false,false,true,false,false,true,true,false,false,false,false,false,false,false,false,true,true,false,false,false,false,false,false,false,false,false,false,false,false,false,false,false,true,false,false,false,true,false,false,false,false,false,false,false,false,false,false,false,false,false,false,false,false,false,false,false,false,false,false,false,false,false,false,true,false,false],"height":1.4185420172275214},{"image_id":"4fb707bafaca4534904f698e89a3e55b","pose":[-0.970208,-0.0107126,0.242037,-7.68882,-0.242174,0.0142661,-0.970128,-2.62913,0.00693973,-0.999841,-0.0164352,1.41458,0,0,0,1],"included":true,"visible":[false,false,false,false,true,false,false,true,false,false,true,true,false,false,false,false,true,false,false,false,false,false,true,false,true,false,false,false,false,false,false,false,false,false,false,true,false,true,false,false,false,true,false,false,false,false,false,false,false,false,false,false,false,true,false,false,false,false,false,false,false,false,false,false,false,false,false,true,false,false,false],"unobstructed":[false,false,false,false,true,false,false,false,false,false,false,true,false,false,false,false,true,false,false,false,false,false,false,false,true,false,false,false,false,false,false,false,false,false,false,false,false,false,false,false,false,false,false,false,false,false,false,false,false,false,false,true,false,true,false,false,false,false,false,false,false,false,false,false,false,false,false,true,false,false,false],"height":1.4146163182778118},{"image_id":"aa6ef1806b414e5ab49db9a45595c8cc","pose":[0.360404,-0.0112911,0.932728,-3.77443,-0.932732,-0.016078,0.360211,-7.42883,0.0109292,-0.999807,-0.0163259,3.01285,0,0,0,1],"included":true,"visible":[false,false,false,false,false,false,false,false,false,false,false,false,false,false,false,false,false,true,false,false,false,false,false,false,false,true,true,false,false,false,false,false,false,false,false,true,true,true,false,false,false,true,false,false,false,false,false,false,false,false,false,false,false,false,false,false,false,true,false,false,false,false,false,false,false,false,false,false,false,false,false],"unobstructed":[false,false,false,false,false,false,false,false,false,false,false,false,false,false,false,false,false,true,false,false,false,false,false,false,false,false,false,false,false,false,false,false,false,false,false,true,false,false,false,false,false,false,false,false,false,false,false,false,false,false,false,false,false,false,false,false,false,false,false,false,false,false,false,false,false,false,false,false,false,false,false],"height":1.2433802223631814},{"image_id":"e3b5cbc0554e476a8f17d4797b993d7a","pose":[0.995472,0.00780092,-0.0947372,-0.315701,0.0947811,-0.00545054,0.995483,0.123501,0.00724936,-0.999955,-0.00616503,1.39193,0,0,0,1],"included":true,"visible":[false,false,false,false,false,false,true,false,false,false,false,false,true,false,false,true,false,false,false,false,false,false,false,false,false,false,false,false,false,false,false,false,false,false,false,false,false,false,false,false,false,true,false,false,false,false,false,false,false,false,false,false,false,false,false,false,false,false,false,false,true,false,false,false,false,true,false,false,false,false,false],"unobstructed":[false,false,false,false,false,false,true,false,false,false,false,false,true,false,false,false,false,false,false,false,false,false,false,false,false,false,false,false,false,false,true,false,false,false,false,false,false,false,false,false,false,false,false,false,false,false,false,false,false,false,false,false,false,false,false,false,false,false,false,false,false,false,false,false,false,true,false,false,false,false,false],"height":1.4142224761006574}]