[{"image_id":"7a9a4486016a4a64bdac4eaad9b7ee17","pose":[-0.863953,-0.00186357,-0.50357,1.05108,0.503382,0.0243717,-0.863721,10.0893,0.0138824,-0.999701,-0.0201184,1.58346,0,0,0,1],"included":true,"visible":[false,false,false,false,false,false,false,false,false,false,true,false,false,false,false,false,false,false,false,false,false,false,false,false,false,false,true,false,false,true,false,false,false,false,false,false,false,false,false,false,false,false,false,false,false,false,false,false,false,false,false,false,false,false,false,false,false,false,false,false,false],"unobstructed":[false,false,false,false,false,false,false,false,false,false,true,false,false,false,false,false,false,false,false,false,false,false,false,false,false,false,false,false,false,true,false,false,false,false,false,false,false,false,false,false,false,false,false,false,false,false,false,false,false,false,false,false,false,false,false,false,false,false,false,false,false],"height":1.6133159279119256},{"image_id":"4eb2befc7e974e45a1956695ca4342e2","pose":[-0.430724,-0.0171142,0.902322,6.08797,-0.902459,0.000669032,-0.430777,6.80026,0.00676858,-0.999854,-0.0157335,1.59738,0,0,0,1],"included":true,"visible":[false,false,true,false,false,true,true,false,false,false,false,false,false,false,false,false,false,false,true,true,true,false,true,false,true,false,false,false,true,false,false,false,false,true,true,false,false,true,false,false,false,false,false,false,false,true,false,false,false,false,true,false,true,false,true,false,false,false,true,false,false],"unobstructed":[false,false,true,false,false,false,false,false,false,false,false,false,false,false,false,false,false,false,false,false,false,false,true,false,false,false,false,false,false,false,false,false,false,false,false,false,false,false,false,false,false,false,false,false,false,false,false,false,false,false,false,false,false,false,true,false,false,false,false,false,false],"height":1.5924255233929479},{"image_id":"bd624a2988bf4a94839472180cc1b3d5","pose":[0.8952,0.00480214,0.445639,6.17972,-0.445631,0.0221218,0.894944,7.97388,-0.00556083,-0.999744,0.021943,1.60362,0,0,0,1],"included":true,"visible":[false,true,false,false,true,true,false,false,false,false,false,false,false,false,false,false,false,false,true,true,true,false,true,false,false,false,false,false,true,false,false,false,false,true,true,false,false,false,false,false,false,false,false,false,false,false,false,false,false,false,false,false,false,false,true,false,false,false,true,false,false],"unobstructed":[false,true,false,false,false,false,false,false,false,false,false,false,false,false,false,false,false,false,true,true,true,false,true,false,false,false,false,false,false,false,false,false,false,false,false,false,false,false,false,false,false,false,false,false,false,false,false,false,false,false,false,false,false,false,true,false,false,false,false,false,false],"height":1.5939800789125151},{"image_id":"04dba6ce40274f9b80f8e18eb201d33b","pose":[0.614049,0.0227952,-0.788939,14.7388,0.789106,0.00254289,0.614252,9.0777,0.0160081,-0.999737,-0.0164268,1.58712,0,0,0,1],"included":true,"visible":[false,false,false,false,false,false,true,false,false,false,false,false,false,false,false,false,true,false,false,false,false,true,false,false,false,false,false,false,false,false,false,false,false,false,false,true,false,false,false,false,true,false,false,false,false,false,false,false,false,false,false,false,false,false,false,false,false,false,false,false,false],"unobstructed":[false,false,false,false,false,false,true,false,false,false,false,false,false,false,false,false,false,false,false,false,false,true,false,false,false,false,false,false,false,false,false,false,false,false,false,true,false,false,false,false,false,false,false,false,false,false,false,false,false,false,false,false,false,false,false,false,false,false,false,false,false],"height":1.6106621066453375},{"image_id":"ae2a7dc3c3e545b98e2fcb374de658d1","pose":[-0.608493,0.0135229,-0.793445,0.893424,0.793544,0.0167614,-0.608283,5.37905,0.00507341,-0.999768,-0.0209306,1.57885,0,0,0,1],"included":true,"visible":[false,false,true,false,false,true,true,true,false,true,false,false,false,false,false,true,false,true,true,false,true,false,true,true,false,false,false,false,true,false,false,false,false,true,true,false,true,true,false,false,false,false,false,true,false,true,false,false,false,false,true,false,false,false,true,false,false,false,false,false,false],"unobstructed":[false,false,false,false,false,true,false,true,false,false,false,false,false,false,false,false,false,true,false,false,true,false,false,false,false,false,false,false,false,false,false,false,false,true,false,false,false,false,false,false,false,false,false,false,false,true,false,false,false,false,false,false,false,false,false,false,false,false,false,false,false],"height":1.5980022067371495},{"image_id":"7dcc99131ec74b968cb9d728c49220e0","pose":[0.77898,0.0252366,-0.626542,1.69807,0.626842,-0.0056059,0.779127,5.3124,0.0161501,-0.999666,-0.0201867,1.5885,0,0,0,1],"included":true,"visible":[false,true,true,false,true,false,true,true,false,false,false,false,false,false,false,false,false,false,true,false,true,false,true,false,true,false,false,false,true,true,true,false,true,true,true,false,true,true,false,false,false,false,false,true,false,true,false,false,false,false,true,false,false,false,true,false,false,false,false,false,false],"unobstructed":[false,false,false,false,true,false,false,true,false,false,false,false,false,false,false,false,false,false,false,false,true,false,true,false,false,false,false,false,false,true,true,false,false,true,false,false,false,false,false,false,false,false,false,false,false,false,false,false,false,false,false,false,false,false,false,false,false,false,false,false,false],"height":1.5969600950695735},{"image_id":"32ddd1485c98480f9a6ecd24ace5d49f","pose":[-0.79135,-0.0106545,0.611272,14.4411,-0.61123,-0.00718143,-0.791421,8.50856,0.0128218,-0.999918,-0.000829746,1.58576,0,0,0,1],"included":true,"visible":[false,true,false,true,true,false,false,false,false,false,false,false,false,false,false,false,false,false,true,false,false,true,false,false,false,false,false,false,false,false,false,false,false,false,true,true,false,true,false,false,true,false,false,false,false,true,false,false,false,false,true,false,false,false,true,false,false,false,false,false,false],"unobstructed":[false,false,false,true,false,false,false,false,false,false,false,false,false,false,false,false,false,false,false,false,false,true,false,false,false,false,false,false,false,false,false,false,false,false,false,true,false,true,false,false,false,false,false,false,false,false,false,false,false,false,false,false,false,false,false,false,false,false,false,false,false],"height":1.6041602700133393},{"image_id":"96d3ea8a25b347e4b097f070a1cba15e","pose":[0.740908,0.015875,-0.671419,1.76998,0.671519,-0.00128744,0.740987,3.89426,0.0108986,-0.999873,-0.0116147,1.59916,0,0,0,1],"included":true,"visible":[false,false,false,false,true,true,false,false,true,true,false,false,false,true,false,true,false,true,false,false,false,false,false,true,true,false,false,false,false,true,true,false,false,true,false,false,false,false,false,false,false,false,false,false,false,false,false,false,false,false,false,false,false,false,false,false,true,false,false,false,false],"unobstructed":[false,false,false,false,true,true,false,false,false,false,false,false,false,false,false,false,false,true,false,false,false,false,false,true,false,false,false,false,false,false,true,false,false,false,false,false,false,false,false,false,false,false,false,false,false,false,false,false,false,false,false,false,false,false,false,false,false,false,false,false,false],"height":1.5989176347127847},{"image_id":"b470d552bb6149059743c6aaca2b3705","pose":[0.697663,0.00267715,0.716421,7.65155,-0.716235,-0.02054,0.697558,1.36421,0.0165826,-0.999786,-0.012413,1.60088,0,0,0,1],"included":true,"visible":[false,false,false,false,false,false,false,true,false,true,false,false,true,false,true,true,false,true,false,false,false,false,false,true,false,true,false,false,false,false,true,false,false,false,false,false,false,false,false,false,false,false,false,false,false,false,false,false,true,false,false,false,false,false,false,false,false,false,false,false,true],"unobstructed":[false,false,false,false,false,false,false,false,false,true,false,false,false,false,true,true,false,false,false,false,false,false,false,false,false,false,false,false,false,false,false,false,false,false,false,false,false,false,false,false,false,false,false,false,false,false,false,false,false,false,false,false,false,false,false,false,false,false,false,false,false],"height":1.5951229414233385},{"image_id":"dddeccce9b044629a9ffd5c61e8ea1cf","pose":[0.553271,0.000360905,0.833002,5.21339,-0.832841,-0.0194321,0.553172,2.06126,0.0163865,-0.999811,-0.0104511,1.59493,0,0,0,1],"included":true,"visible":[false,false,false,false,true,false,false,true,true,false,false,false,true,false,true,true,false,true,false,false,false,false,false,true,false,true,false,false,false,false,true,false,false,false,false,false,false,false,false,false,false,false,false,false,false,false,false,false,true,false,false,false,false,false,false,false,false,false,false,false,true],"unobstructed":[false,false,false,false,false,false,false,false,true,false,false,false,false,false,true,true,false,false,false,false,false,false,false,true,false,false,false,false,false,false,false,false,false,false,false,false,false,false,false,false,false,false,false,false,false,false,false,false,true,false,false,false,false,false,false,false,false,false,false,false,false],"height":1.5888464677121235},{"image_id":"d6fc111b6fad4cd0813e2cf3706c3945","pose":[-0.518108,-0.0196037,0.855091,-0.336057,-0.855256,0.0000475021,-0.518207,10.2778,0.010118,-0.999808,-0.0167912,1.57736,0,0,0,1],"included":true,"visible":[true,false,false,false,false,false,false,false,false,false,false,false,false,false,false,false,false,false,false,false,false,false,false,false,false,false,false,false,false,true,false,false,false,false,false,false,false,false,false,false,false,false,false,false,false,false,false,false,false,false,false,false,false,false,false,false,false,false,false,false,false],"unobstructed":[true,false,false,false,false,false,false,false,false,false,false,false,false,false,false,false,false,false,false,false,false,false,false,false,false,false,false,false,false,true,false,false,false,false,false,false,false,false,false,false,false,false,false,false,false,false,false,false,false,false,false,false,false,false,false,false,false,false,false,false,false],"height":1.6135626959597427},{"image_id":"b889bb15538844beb074db42bd8d9ed4","pose":[-0.268952,0.0164524,-0.963013,16.5536,0.962967,0.0243052,-0.268524,10.9787,0.0189883,-0.999569,-0.0223805,1.61219,0,0,0,1],"included":true,"visible":[false,false,false,false,false,false,true,false,false,false,false,false,false,false,false,false,false,false,false,false,false,false,false,false,false,false,false,false,false,false,false,false,false,false,false,true,false,false,false,false,false,false,false,false,false,false,false,false,false,false,false,false,false,false,false,false,false,false,false,false,false],"unobstructed":[false,false,false,false,false,false,false,false,false,false,false,false,false,false,false,false,false,false,false,false,false,false,false,false,false,false,false,false,false,false,false,false,false,false,false,false,false,false,false,false,true,false,false,false,false,false,false,false,false,false,false,false,false,false,false,false,false,false,false,false,false],"height":1.5992898118769379},{"image_id":"afbf203a70f14a40b9bcd78001734083","pose":[0.42483,-0.000449088,0.905274,12.8653,-0.905084,-0.0206834,0.42473,0.245124,0.0185332,-0.999786,-0.00919381,1.59122,0,0,0,1],"included":true,"visible":[false,false,false,false,false,false,false,false,true,true,false,false,false,false,true,false,false,false,true,false,false,false,false,true,false,true,false,false,true,false,false,false,false,false,true,false,false,true,false,false,false,false,true,false,false,false,true,false,false,false,true,false,false,false,false,false,true,false,false,false,true],"unobstructed":[false,false,false,false,false,false,false,false,false,false,false,false,false,false,false,false,false,false,false,false,false,false,false,false,false,true,false,false,false,false,false,false,false,false,false,false,false,false,false,false,false,false,true,false,false,false,true,false,false,false,false,false,false,false,false,false,false,false,false,false,true],"height":1.5761563674615529},{"image_id":"6d4e6b71271949e7b3f9cf8120bce54a","pose":[-0.907978,-0.00596176,-0.418976,-1.63784,0.418877,0.0131037,-0.907949,3.38969,0.010903,-0.999897,-0.00940111,1.59556,0,0,0,1],"included":true,"visible":[false,false,false,false,false,false,false,true,false,false,false,false,false,false,false,false,false,false,false,false,false,false,false,false,false,false,false,false,false,false,true,false,true,false,false,false,false,false,true,false,false,false,false,false,false,false,false,false,false,true,false,false,true,false,false,false,true,false,false,false,false],"unobstructed":[false,false,false,false,false,false,false,false,false,false,false,false,false,false,false,false,false,false,false,false,false,false,false,false,false,false,false,false,false,false,false,false,false,false,false,false,false,false,true,true,false,false,false,false,false,false,false,false,false,true,false,false,true,false,false,false,true,false,false,false,false],"height":1.5867650654776504},{"image_id":"d950fc211fc745d9a8e2080f6ce747d2","pose":[-0.20463,-0.0134348,0.978748,8.64142,-0.978762,-0.00978403,-0.204767,1.49601,0.012327,-0.999862,-0.0111478,1.59395,0,0,0,1],"included":true,"visible":[false,false,false,false,false,false,false,false,true,true,false,false,true,false,false,true,false,false,false,false,false,false,false,true,false,true,false,false,false,false,false,false,false,false,false,false,false,false,false,false,false,false,true,false,false,false,true,false,false,false,false,false,false,false,false,false,true,false,false,false,true],"unobstructed":[false,false,false,false,false,false,false,false,true,true,false,false,false,false,false,false,false,false,false,false,false,false,false,false,false,true,false,false,false,false,false,false,false,false,false,false,false,false,false,false,false,false,false,false,false,false,true,false,false,false,false,false,false,false,false,false,false,false,false,false,false],"height":1.5886228615257503},{"image_id":"6be3b190af924e26916685a57f46b775","pose":[0.552095,0.00087057,0.833781,6.26351,-0.833591,-0.0208119,0.551991,1.21931,0.017833,-0.999783,-0.0107649,1.60066,0,0,0,1],"included":true,"visible":[false,false,false,false,true,false,false,true,true,true,false,false,false,false,true,false,false,true,false,false,false,false,false,true,false,true,false,false,false,false,true,false,false,false,false,false,false,false,false,false,false,false,false,false,false,false,false,false,true,false,false,false,false,false,false,false,false,false,false,false,true],"unobstructed":[false,false,false,false,false,false,false,false,true,true,false,false,false,false,false,false,false,false,false,false,false,false,false,false,false,false,false,false,false,false,false,false,false,false,false,false,false,false,false,false,false,false,false,false,false,false,false,false,true,false,false,false,false,false,false,false,false,false,false,false,false],"height":1.5898648308431567},{"image_id":"9d5a333a21004d1cb17692e2f9b8aff0","pose":[-0.693053,-0.000681363,-0.720887,12.5911,0.720604,0.0273918,-0.692806,9.26108,0.0202183,-0.999625,-0.0184934,1.58399,0,0,0,1],"included":true,"visible":[false,false,false,true,false,false,false,false,false,false,false,false,false,false,false,false,false,false,false,false,false,true,false,false,false,false,false,false,false,false,false,false,false,false,false,true,false,false,false,false,true,false,false,false,false,false,false,false,false,false,false,false,false,false,false,false,false,false,false,false,false],"unobstructed":[false,false,false,false,false,false,false,false,false,false,false,false,false,false,false,false,false,false,false,false,false,true,false,false,false,false,false,false,false,false,false,false,false,false,false,false,false,false,false,false,false,false,false,false,false,false,false,false,false,false,false,false,false,false,false,false,false,false,false,false,false],"height":1.5901933580590402},{"image_id":"e4a808c94c004bc7b2e3101c316bb02c","pose":[-0.12642,0.00645008,-0.991956,2.90134,0.99183,0.0180337,-0.126287,3.72848,0.0170739,-0.999817,-0.00867764,1.60132,0,0,0,1],"included":true,"visible":[false,false,false,false,true,false,false,true,true,true,false,false,false,false,false,true,false,false,false,false,false,false,false,true,false,false,false,false,false,false,true,false,false,false,false,false,false,false,false,false,false,false,false,false,false,false,false,false,false,false,false,false,false,false,false,false,true,false,false,false,false],"unobstructed":[false,false,false,false,true,false,false,true,false,false,false,false,false,false,false,false,false,false,false,false,false,false,false,true,false,false,false,false,false,false,false,false,false,false,false,false,false,false,false,false,false,false,false,false,false,false,false,false,false,false,false,false,false,false,false,false,false,false,false,false,false],"height":1.5906552104040892},{"image_id":"e2d51e6321224b5aae0a84c8a90c2dd2","pose":[-0.749433,-0.00817868,-0.66203,8.93815,0.6618,0.0198923,-0.749417,6.81188,0.0192984,-0.999769,-0.00949569,1.58525,0,0,0,1],"included":true,"visible":[false,true,true,false,false,false,true,false,false,false,false,false,true,false,false,false,false,false,false,false,true,false,true,false,true,false,false,false,true,false,false,false,false,true,true,false,false,true,false,false,true,false,true,false,false,false,true,false,false,false,true,false,false,false,true,false,false,false,false,false,true],"unobstructed":[false,false,true,false,false,false,false,false,false,false,false,false,false,false,false,false,false,false,false,false,false,false,false,false,false,false,false,false,false,false,false,false,false,false,true,false,false,false,false,false,false,false,true,false,false,false,true,false,false,false,true,false,false,false,true,false,false,false,false,false,false],"height":1.585826429766647},{"image_id":"458b288354be4060a2e6cf582d959d0f","pose":[0.90803,0.000564343,0.418907,6.43052,-0.418866,-0.0127276,0.907959,9.30252,0.00584395,-0.999919,-0.0113211,1.6157,0,0,0,1],"included":true,"visible":[false,true,true,false,false,false,false,false,false,false,false,false,false,false,false,false,false,false,false,false,false,false,false,false,false,false,false,false,false,false,false,false,false,false,false,false,false,false,false,false,false,false,false,false,false,false,false,false,false,false,false,false,false,false,false,false,false,false,true,false,false],"unobstructed":[false,false,true,false,false,false,false,false,false,false,false,false,false,false,false,false,false,false,false,false,false,false,false,false,false,false,false,false,false,false,false,false,false,false,false,false,false,false,false,false,false,false,false,false,false,false,false,false,false,false,false,false,false,false,false,false,false,false,true,false,false],"height":1.5957106112271395},{"image_id":"954fc1d65dba428eb808fb9dce1b8a97","pose":[-0.894221,-0.0084113,-0.447548,2.87482,0.447418,0.0137441,-0.89422,6.69909,0.0136726,-0.99987,-0.00852737,1.58839,0,0,0,1],"included":true,"visible":[false,true,true,false,true,true,false,false,false,false,false,false,false,false,false,false,false,false,true,false,false,false,true,false,true,false,true,true,true,false,true,false,false,true,true,false,false,true,false,false,false,false,false,false,false,false,false,false,false,false,true,false,false,true,true,false,false,true,false,false,false],"unobstructed":[false,false,true,false,true,true,false,false,false,false,false,false,false,false,false,false,false,false,false,false,false,false,true,false,true,false,false,false,false,false,false,false,false,true,false,false,false,false,false,false,false,false,false,false,false,false,false,false,false,false,false,false,false,false,false,false,false,false,false,false,false],"height":1.5920160034678024},{"image_id":"95903e1adf7e4ce9a87b9df4e9ec63e6","pose":[-0.732966,-0.00828377,-0.680215,13.8141,0.680059,0.015764,-0.732989,9.14664,0.0167947,-0.999842,-0.00592149,1.592,0,0,0,1],"included":true,"visible":[false,false,false,true,false,false,true,false,false,false,false,false,false,false,false,false,true,false,false,false,false,false,false,false,false,false,false,false,false,false,false,false,false,false,false,true,false,false,false,false,true,false,false,false,false,false,false,false,false,false,false,false,false,false,false,false,false,false,false,true,false],"unobstructed":[false,false,false,true,false,false,true,false,false,false,false,false,false,false,false,false,true,false,false,false,false,false,false,false,false,false,false,false,false,false,false,false,false,false,false,false,false,false,false,false,false,false,false,false,false,false,false,false,false,false,false,false,false,false,false,false,false,false,false,true,false],"height":1.6081986346161021},{"image_id":"77c8ac324e6e422faac5ffb32bd62c86","pose":[-0.897512,-0.0098334,-0.44088,4.4957,0.440672,0.0179544,-0.897489,6.75431,0.016741,-0.999791,-0.0117814,1.59512,0,0,0,1],"included":true,"visible":[false,true,true,false,true,true,false,false,false,false,false,false,false,false,false,false,false,false,true,false,true,false,false,false,true,false,false,true,true,false,true,false,false,true,true,false,false,true,false,false,false,false,false,false,false,false,false,false,false,false,true,false,false,false,true,false,false,false,false,false,false],"unobstructed":[false,true,true,false,false,true,false,false,false,false,false,false,false,false,false,false,false,false,false,false,true,false,false,false,true,false,false,false,false,false,false,false,false,false,false,false,false,false,false,false,false,false,false,false,false,false,false,false,false,false,false,false,false,false,false,false,false,false,false,false,false],"height":1.588128335132427},{"image_id":"498ad4add3424a4eaf28355ded64c622","pose":[0.495145,-0.0023772,0.868808,3.93882,-0.868662,-0.0198765,0.495007,2.59256,0.016092,-0.9998,-0.0119072,1.60087,0,0,0,1],"included":true,"visible":[false,false,false,false,true,false,false,true,true,true,false,false,true,false,true,true,false,true,false,false,false,false,false,false,false,true,false,false,false,false,true,false,false,false,false,false,false,false,false,false,false,false,false,false,false,false,false,false,true,false,false,false,false,false,false,false,false,false,false,false,true],"unobstructed":[false,false,false,false,false,false,false,true,false,true,false,false,false,false,false,false,false,true,false,false,false,false,false,false,false,false,false,false,false,false,false,false,false,false,false,false,false,false,false,false,false,false,false,false,false,false,false,false,true,false,false,false,false,false,false,false,false,false,false,false,false],"height":1.5873747568587457},{"image_id":"4ed50a2f86384de599f06df862d17b10","pose":[0.391147,0.0271945,-0.919927,1.47013,0.920184,0.00614809,0.391438,7.57354,0.0163007,-0.999612,-0.0226196,1.57317,0,0,0,1],"included":true,"visible":[false,true,false,false,false,true,false,true,false,false,false,false,false,false,false,false,false,false,true,false,true,false,true,false,false,false,true,true,true,false,true,false,false,true,true,false,false,false,false,false,false,false,false,false,false,false,false,false,false,false,true,false,false,true,true,false,false,true,false,false,false],"unobstructed":[false,false,false,false,false,false,false,false,false,false,false,false,false,false,false,false,false,false,false,false,true,false,true,false,false,false,true,false,false,false,false,false,false,true,false,false,false,false,false,false,false,false,false,false,false,false,false,false,false,false,false,false,false,false,false,false,false,true,false,false,false],"height":1.591155358754832},{"image_id":"d60f3399b4d24c21a494ed4430f27ce9","pose":[0.830558,0.00331976,0.556924,9.91835,-0.556679,-0.0253059,0.830343,1.34462,0.0168499,-0.999674,-0.0191704,1.58486,0,0,0,1],"included":true,"visible":[false,false,false,false,false,false,false,false,true,true,false,false,true,false,true,true,false,false,true,false,false,false,false,true,false,false,false,false,true,false,false,false,false,false,true,false,false,true,false,false,false,false,true,false,false,false,true,false,false,false,true,false,false,false,false,false,true,false,false,false,true],"unobstructed":[false,false,false,false,false,false,false,false,false,false,false,false,true,false,true,false,false,false,false,false,false,false,false,false,false,false,false,false,true,false,false,false,false,false,false,false,false,false,false,false,false,false,true,false,false,false,true,false,false,false,false,false,false,false,false,false,false,false,false,false,true],"height":1.580127636043902},{"image_id":"2b67ab047ee949538c9d5d89046d985f","pose":[0.721034,0.0283978,-0.692319,0.605387,0.69252,0.00359132,0.72139,8.49811,0.0229721,-0.999591,-0.017077,1.57423,0,0,0,1],"included":true,"visible":[true,false,false,false,false,false,false,false,false,false,false,false,false,false,false,false,false,false,false,false,true,false,false,false,true,false,false,true,false,true,false,false,false,true,false,false,false,false,false,false,false,false,false,false,false,false,false,false,false,false,false,false,false,false,false,false,false,true,false,false,false],"unobstructed":[false,false,false,false,false,false,false,false,false,false,false,false,false,false,false,false,false,false,false,false,false,false,false,false,true,false,false,false,false,true,false,false,false,true,false,false,false,false,false,false,false,false,false,false,false,false,false,false,false,false,false,false,false,true,false,false,false,true,false,false,false],"height":1.600855608161749},{"image_id":"01c9d419c8fa4879a362aad71ea7000c","pose":[-0.409494,0.00121372,0.912312,-1.96608,-0.911939,-0.0291633,-0.409288,8.80799,0.0261092,-0.999574,0.0130486,1.54483,0,0,0,1],"included":true,"visible":[false,false,false,false,false,false,false,false,false,false,false,false,false,false,false,false,false,false,false,false,true,false,true,false,true,false,true,false,false,false,false,true,false,false,false,false,false,false,false,false,false,false,false,false,false,false,false,false,false,false,false,false,false,true,false,false,false,true,false,false,false],"unobstructed":[false,false,false,false,false,false,false,false,false,false,false,false,false,false,false,false,false,false,false,false,false,false,false,false,false,false,false,false,false,false,false,true,false,false,false,false,false,false,false,false,false,false,false,false,false,false,false,false,false,false,false,false,false,true,false,false,false,true,false,false,false],"height":1.6068973685809937},{"image_id":"1a9eaf7e67c444ffbec01b999b40c5a2","pose":[0.595604,0.0199569,-0.803031,11.6381,0.80315,0.00309124,0.595769,5.51464,0.014372,-0.999796,-0.0141877,1.58206,0,0,0,1],"included":true,"visible":[false,true,true,false,false,false,false,false,false,false,false,false,false,false,false,false,false,false,true,false,true,false,true,false,true,true,false,false,false,false,false,false,false,false,true,false,false,true,false,false,false,false,true,false,false,false,true,false,false,false,true,false,false,false,true,false,false,false,false,false,true],"unobstructed":[false,false,false,false,false,false,false,false,false,false,false,false,false,false,false,false,false,false,false,false,false,false,false,false,false,true,false,false,false,false,false,false,false,false,true,false,false,true,false,false,false,false,true,false,false,false,false,false,false,false,true,false,false,false,false,false,false,false,false,false,false],"height":1.5847274761203851},{"image_id":"f41c2851f4b241fcad3f8f15378da53b","pose":[-0.942255,-0.00689064,0.334827,1.03214,-0.334869,0.00622388,-0.942245,9.36739,0.00440862,-0.999957,-0.00817238,1.58144,0,0,0,1],"included":true,"visible":[true,false,false,false,false,true,false,true,false,false,true,false,false,false,false,false,false,false,false,false,false,false,false,false,false,false,true,true,false,false,false,false,false,false,false,false,false,false,false,false,false,false,false,false,false,false,false,false,false,false,false,false,false,false,false,false,false,true,false,false,false],"unobstructed":[true,false,false,false,false,true,false,false,false,false,true,false,false,false,false,false,false,false,false,false,false,false,false,false,false,false,true,false,false,false,false,false,false,false,false,false,false,false,false,false,false,false,false,false,false,false,false,false,false,false,false,false,false,false,false,false,false,true,false,false,false],"height":1.620671099520678},{"image_id":"6ea742331ac84fb9ae24a1b8d76bcf8a","pose":[0.436051,0.0207919,-0.899682,0.979756,0.899795,0.00675374,0.436261,4.05807,0.0151468,-0.999761,-0.0157639,1.59354,0,0,0,1],"included":true,"visible":[false,true,false,false,false,true,false,true,true,true,false,false,false,true,true,true,false,true,false,false,true,false,false,true,false,false,false,false,false,false,false,false,true,true,false,false,false,false,true,false,false,false,false,false,false,false,false,false,false,true,false,false,true,false,false,false,true,false,false,false,false],"unobstructed":[false,false,false,false,false,true,false,true,false,false,false,false,false,false,false,false,false,false,false,false,false,false,false,false,false,false,false,false,false,false,false,false,false,true,false,false,false,false,true,false,false,false,false,false,false,false,false,false,false,false,false,false,false,false,false,false,true,false,false,false,false],"height":1.598521358567366},{"image_id":"22ed7ff5428841c4809cd3ef0ed4874b","pose":[-0.932418,-0.00921297,-0.361266,-2.65535,0.36092,0.0268705,-0.93221,10.7745,0.0182957,-0.999597,-0.0217298,1.54486,0,0,0,1],"included":true,"visible":[false,false,false,false,false,false,false,false,false,false,false,false,false,false,false,false,false,false,false,false,false,false,false,false,true,false,false,true,false,false,false,false,false,false,false,false,false,false,false,false,false,false,false,false,false,false,false,false,false,false,false,false,false,true,false,false,false,true,false,false,false],"unobstructed":[false,false,false,false,false,false,false,false,false,false,false,false,false,false,false,false,false,false,false,false,false,false,false,false,false,false,false,true,false,false,false,false,false,false,false,false,false,false,false,false,false,false,false,false,false,false,false,false,false,false,false,false,false,true,false,false,false,false,false,false,false],"height":1.6154093622765688},{"image_id":"2cb036ad9c594172abd2a9bc9d3d9159","pose":[0.0686457,-0.00497804,0.997629,-1.67467,-0.997577,-0.0117162,0.0685837,0.0257819,0.0113469,-0.999919,-0.00577069,1.59532,0,0,0,1],"included":true,"visible":[false,false,false,false,false,true,false,false,false,false,false,false,false,true,false,false,false,false,false,false,true,false,false,false,false,false,false,false,false,false,true,false,false,false,false,false,false,false,true,true,false,false,false,false,false,false,false,false,false,true,false,false,true,false,false,false,true,false,false,false,false],"unobstructed":[false,false,false,false,false,false,false,false,false,false,false,false,false,false,false,false,false,false,false,false,false,false,false,false,false,false,false,false,false,false,false,false,false,false,false,false,false,false,true,true,false,false,false,false,false,false,false,false,false,true,false,false,true,false,false,false,true,false,false,false,false],"height":1.596833843305113},{"image_id":"e6e19fd376c544b58035a32bd44ed8d4","pose":[0.36101,0.0228863,-0.932282,1.69394,0.93239,0.0103851,0.361306,6.4522,0.0179507,-0.999684,-0.0175902,1.58686,0,0,0,1],"included":true,"visible":[false,true,true,false,true,true,false,true,false,false,false,false,false,false,false,false,false,false,true,false,true,false,true,false,true,false,true,false,false,false,true,false,false,false,true,false,false,true,false,false,false,false,false,false,false,false,false,false,false,false,true,false,false,false,true,false,false,false,false,false,false],"unobstructed":[false,false,false,false,true,true,false,false,false,false,false,false,false,false,false,false,false,false,false,false,true,false,false,false,true,false,true,false,false,false,true,false,false,false,false,false,false,false,false,false,false,false,false,false,false,false,false,false,false,false,false,false,false,false,false,false,false,false,false,false,false],"height":1.6028475948551306},{"image_id":"a5d7dd600de549a0a7c626f8c2c6c3e3","pose":[-0.840701,-0.00605004,-0.541466,10.4849,0.541292,0.0183174,-0.840636,6.47814,0.015004,-0.999814,-0.0121251,1.58483,0,0,0,1],"included":true,"visible":[false,true,true,false,false,false,true,false,false,false,false,false,true,false,false,false,false,false,true,false,true,false,true,false,true,false,false,false,true,false,false,false,false,true,false,true,false,true,false,false,false,false,true,false,false,false,true,false,false,false,true,false,false,false,true,false,false,false,false,false,true],"unobstructed":[false,false,false,false,false,false,false,false,false,false,false,false,false,false,false,false,false,false,true,false,false,false,false,false,false,false,false,false,true,false,false,false,false,false,false,false,false,false,false,false,false,false,true,false,false,false,true,false,false,false,true,false,false,false,false,false,false,false,false,false,false],"height":1.5862953770792905},{"image_id":"869e52d579cc4c9a85979d3e20eb2455","pose":[0.891515,0.0169427,0.452676,15.4691,-0.452367,-0.0192099,0.891625,9.14788,0.0238022,-0.999672,-0.00946201,1.60006,0,0,0,1],"included":true,"visible":[false,false,false,true,false,false,true,false,false,false,false,false,false,false,false,false,true,false,false,false,false,true,false,false,false,false,false,false,false,false,false,false,false,false,true,false,false,true,false,false,false,false,false,false,false,false,false,false,false,false,true,false,false,false,false,false,false,false,false,false,false],"unobstructed":[false,false,false,true,false,false,true,false,false,false,false,false,false,false,false,false,false,false,false,false,false,false,false,false,false,false,false,false,false,false,false,false,false,false,false,false,false,false,false,false,true,false,false,false,false,false,false,false,false,false,false,false,false,false,false,false,false,false,false,false,false],"height":1.5950104379627104},{"image_id":"41fef0822d3f4b5581d3954dbcacad41","pose":[-0.408817,-0.0107415,0.912553,-1.4425,-0.912525,-0.00932643,-0.408914,5.47447,0.0129031,-0.999899,-0.00598953,1.56239,0,0,0,1],"included":true,"visible":[false,false,false,false,true,true,false,false,false,false,false,false,false,false,false,false,false,false,false,false,false,false,false,false,false,false,false,false,true,false,false,false,false,false,true,false,false,false,false,false,false,false,false,true,false,true,false,false,false,false,false,false,false,false,false,false,false,false,false,false,false],"unobstructed":[false,false,false,false,false,false,false,false,false,false,false,false,false,false,false,false,false,false,false,false,false,false,false,false,false,false,false,false,false,false,false,false,false,false,false,false,false,false,false,false,false,false,false,true,false,true,false,false,false,false,false,false,false,false,false,false,false,false,false,false,false],"height":1.6019055607771353},{"image_id":"e396f6fa366b419ba059e65d728e20f1","pose":[-0.888558,-0.0156952,0.458497,13.258,-0.458632,0.00630235,-0.888604,8.07716,0.0110571,-0.999857,-0.0127988,1.59584,0,0,0,1],"included":true,"visible":[false,true,false,false,false,false,true,false,false,false,false,false,true,false,false,false,false,false,true,false,true,false,true,false,false,false,false,false,true,false,false,false,false,true,true,true,false,false,false,false,true,false,true,false,false,true,true,false,false,false,true,false,false,false,true,false,false,false,false,false,true],"unobstructed":[false,false,false,false,false,false,true,false,false,false,false,false,false,false,false,false,false,false,false,false,false,false,false,false,false,false,false,false,true,false,false,false,false,false,false,false,false,false,false,false,false,false,true,false,false,false,false,false,false,false,true,false,false,false,false,false,false,false,false,false,false],"height":1.5960340541381473},{"image_id":"021e6fb21e5c47b587fabb26689ff55f","pose":[-0.459561,-0.00806973,0.88811,-1.67779,-0.888034,-0.0118026,-0.459628,1.58259,0.0141909,-0.999898,-0.00174263,1.60111,0,0,0,1],"included":true,"visible":[false,false,false,false,false,false,false,false,false,false,false,false,false,true,false,false,false,false,false,false,false,false,false,false,false,false,false,false,false,false,true,false,true,false,false,false,false,false,false,true,false,false,false,false,true,false,false,false,false,true,false,false,true,false,false,false,true,false,false,false,false],"unobstructed":[false,false,false,false,false,false,false,false,false,false,false,false,false,true,false,false,false,false,false,false,false,false,false,false,false,false,false,false,false,false,true,false,true,false,false,false,false,false,false,true,false,false,false,false,false,false,false,false,false,true,false,false,true,false,false,false,true,false,false,false,false],"height":1.595662938339582},{"image_id":"614cf5a627f54b61ac40f4fb3251349c","pose":[0.823901,0.0227375,-0.566278,-0.0451132,0.566352,0.00368396,0.824156,0.0906752,0.0208253,-0.999735,-0.00984267,1.59895,0,0,0,1],"included":true,"visible":[false,false,false,false,false,false,false,false,false,false,false,false,false,true,false,false,false,false,false,false,false,false,false,false,false,false,false,false,false,false,false,false,true,false,false,false,false,false,true,false,false,false,false,false,true,false,false,false,false,true,false,false,true,false,false,false,true,false,false,false,false],"unobstructed":[false,false,false,false,false,false,false,false,false,false,false,false,false,true,false,false,false,false,false,false,false,false,false,false,false,false,false,false,false,false,false,false,true,false,false,false,false,false,true,false,false,false,false,false,false,false,false,false,false,false,false,false,false,false,false,false,false,false,false,false,false],"height":1.5877475218472274},{"image_id":"7798eee8ae4a4fc483da87e8e04b659c","pose":[0.951391,0.0317393,-0.306347,17.2673,0.306771,-0.00937565,0.951738,9.59189,0.0273352,-0.999453,-0.0186571,1.61953,0,0,0,1],"included":true,"visible":[false,false,false,true,false,false,true,false,false,false,false,true,false,false,false,false,true,false,true,false,false,true,false,false,false,false,false,false,false,false,false,false,false,false,false,true,false,true,false,false,false,false,false,false,false,false,false,false,false,false,true,false,false,false,false,false,false,false,false,false,false],"unobstructed":[false,false,false,false,false,false,false,false,false,false,false,true,false,false,false,false,false,false,false,false,false,false,false,false,false,false,false,false,false,false,false,false,false,false,false,true,false,false,false,false,false,false,false,false,false,false,false,false,false,false,false,false,false,false,false,false,false,false,false,false,false],"height":1.591837997907586},{"image_id":"e0a910e3d4374cf9811487e78a5447a4","pose":[-0.299619,-0.00411488,0.954051,-4.59264,-0.953751,-0.0241427,-0.299628,0.0778898,0.0242662,-0.9997,0.00330859,1.63736,0,0,0,1],"included":true,"visible":[false,false,false,false,false,false,false,false,false,false,false,false,false,false,false,false,false,false,false,false,false,false,false,false,false,false,false,false,false,false,false,false,false,false,false,false,false,false,false,false,false,false,false,false,false,false,false,false,false,true,false,false,false,false,false,false,false,false,false,false,false],"unobstructed":[false,false,false,false,false,false,false,false,false,false,false,false,false,false,false,false,false,false,false,false,false,false,false,false,false,false,false,false,false,false,false,false,false,false,false,false,false,false,false,false,false,false,false,false,false,false,false,false,false,true,false,false,false,false,false,false,false,false,false,false,false],"height":1.5915184280123444},{"image_id":"d8f7db8824674725a8334d3554cda5bf","pose":[0.580875,0.0205814,-0.813733,11.6818,0.81377,0.00874317,0.581122,4.05697,0.0190748,-0.99975,-0.0116703,1.5805,0,0,0,1],"included":true,"visible":[false,true,true,false,false,false,false,false,false,false,false,false,true,false,false,false,false,false,true,false,false,false,false,false,false,true,false,true,true,false,false,false,false,false,true,false,false,true,false,false,false,false,false,false,false,false,true,false,false,false,true,false,false,false,false,false,false,true,false,false,true],"unobstructed":[false,false,false,false,false,false,false,false,false,false,false,false,true,false,false,false,false,false,true,false,false,false,false,false,false,true,false,false,true,false,false,false,false,false,true,false,false,true,false,false,false,false,false,false,false,false,true,false,false,false,false,false,false,false,false,false,false,false,false,false,false],"height":1.5855516021445788},{"image_id":"82cb4105387a4ab5a09d82d7ff02a41c","pose":[-0.740572,-0.0249986,0.671513,-2.55268,-0.671725,0.000114582,-0.740802,6.19099,0.0184419,-0.999688,-0.0168775,1.5637,0,0,0,1],"included":true,"visible":[false,false,false,false,true,true,false,false,false,false,false,false,false,false,false,false,false,false,false,false,false,false,false,false,false,false,false,false,false,false,false,false,false,false,false,false,true,false,false,false,false,false,false,false,false,true,false,false,false,false,false,true,false,false,false,false,false,false,false,false,false],"unobstructed":[false,false,false,false,false,false,false,false,false,false,false,false,false,false,false,false,false,false,false,false,false,false,false,false,false,false,false,false,false,false,false,false,false,false,false,false,true,false,false,false,false,false,false,false,false,true,false,false,false,false,false,true,false,false,false,false,false,false,false,false,false],"height":1.6066042921713428},{"image_id":"cc94b5dda437408a9a166fcdbafa2a48","pose":[-0.396347,-0.0111818,0.918033,-3.92638,-0.917868,-0.0177065,-0.396491,2.17641,0.0206886,-0.999781,-0.00324594,1.65034,0,0,0,1],"included":true,"visible":[false,false,false,false,false,false,false,false,false,false,false,false,false,false,false,false,false,false,false,false,false,false,false,false,false,false,false,false,false,false,false,false,false,false,false,false,false,false,true,true,false,false,false,false,false,false,false,true,false,false,false,false,true,false,false,true,false,false,false,false,false],"unobstructed":[false,false,false,false,false,false,false,false,false,false,false,false,false,false,false,false,false,false,false,false,false,false,false,false,false,false,false,false,false,false,false,false,false,false,false,false,false,false,false,false,false,false,false,false,false,false,false,true,false,false,false,false,true,false,false,true,false,false,false,false,false],"height":1.6001446696071575},{"image_id":"f45d421d04e34220b2aaf9246b6dcdd1","pose":[-0.793062,-0.0126755,0.60901,-0.226953,-0.609066,0.000788265,-0.793119,5.43501,0.00957302,-0.99992,-0.00834582,1.56837,0,0,0,1],"included":true,"visible":[false,false,false,false,true,true,false,false,false,false,false,false,false,false,false,false,false,false,true,false,false,false,false,false,false,false,false,false,true,false,false,false,false,false,true,false,true,false,false,false,false,false,false,true,false,false,false,false,false,false,true,false,false,false,false,false,false,false,false,false,false],"unobstructed":[false,false,false,false,true,false,false,false,false,false,false,false,false,false,false,false,false,false,false,false,false,false,false,false,false,false,false,false,false,false,false,false,false,false,false,false,true,false,false,false,false,false,false,true,false,false,false,false,false,false,false,false,false,false,false,false,false,false,false,false,false],"height":1.600527309250224},{"image_id":"d0f90601ac1b46fdb7258c230495f8a0","pose":[0.563822,0.0213069,-0.825622,11.6994,0.825741,0.0048689,0.564029,2.97054,0.0160375,-0.999761,-0.0148493,1.58123,0,0,0,1],"included":true,"visible":[false,false,true,false,false,false,false,false,true,false,false,false,true,false,true,true,false,false,true,false,false,false,false,false,false,true,false,false,true,false,false,false,false,false,true,false,false,true,false,false,false,false,true,false,false,false,false,false,false,false,true,false,false,false,true,false,false,false,false,false,true],"unobstructed":[false,false,false,false,false,false,false,false,false,false,false,false,true,false,true,false,false,false,true,false,false,false,false,false,false,true,false,false,false,false,false,false,false,false,true,false,false,false,false,false,false,false,true,false,false,false,false,false,false,false,false,false,false,false,false,false,false,false,false,false,true],"height":1.5834656485207153},{"image_id":"656ab180c21645e0a4cef70b95341e0a","pose":[-0.663193,-0.0134239,0.748329,-3.95992,-0.748212,-0.0133196,-0.663327,3.49193,0.0188718,-0.999821,-0.0012109,1.64665,0,0,0,1],"included":true,"visible":[false,false,false,false,false,false,false,false,false,false,false,false,false,false,false,false,false,false,false,false,false,false,false,false,false,false,false,false,false,false,false,false,false,false,false,false,false,false,false,false,false,false,false,false,true,false,false,false,false,false,false,false,false,false,false,true,false,false,false,false,false],"unobstructed":[false,false,false,false,false,false,false,false,false,false,false,false,false,false,false,false,false,false,false,false,false,false,false,false,false,false,false,false,false,false,false,false,false,false,false,false,false,false,false,false,false,false,false,false,true,false,false,false,false,false,false,false,false,false,false,true,false,false,false,false,false],"height":1.6085772394163818},{"image_id":"4e528d58657147978ac5c28a9168a870","pose":[-0.409863,-0.0184349,0.911961,2.37087,-0.911878,-0.0160531,-0.41015,1.22281,0.0222007,-0.999701,-0.0102312,1.61079,0,0,0,1],"included":true,"visible":[false,false,false,false,false,false,false,false,false,false,false,false,false,false,false,false,false,false,false,false,false,false,false,true,false,true,false,false,false,false,false,false,false,false,false,false,false,false,false,false,false,false,false,false,false,false,false,false,false,false,false,false,false,false,false,false,false,false,false,false,true],"unobstructed":[false,false,false,false,false,false,false,false,false,true,false,false,false,false,false,true,false,false,false,false,false,false,false,true,false,false,false,false,false,false,false,false,false,false,false,false,false,false,false,false,false,false,false,false,false,false,false,false,false,false,false,false,false,false,false,false,false,false,false,false,false],"height":1.5947239774664168},{"image_id":"841296be493a4195892a1cb14c95ffc2","pose":[-0.365779,-0.0199416,0.930489,-2.83811,-0.930479,-0.0140622,-0.366076,0.410678,0.0203847,-0.999703,-0.0134121,1.60035,0,0,0,1],"included":true,"visible":[false,false,false,false,false,false,false,false,false,false,false,false,false,true,false,false,false,false,false,false,false,false,false,false,false,false,false,false,false,false,true,false,true,false,false,false,false,false,true,true,false,true,false,false,false,false,false,false,false,false,false,false,true,false,false,false,true,false,false,false,false],"unobstructed":[false,false,false,false,false,false,false,false,false,false,false,false,false,true,false,false,false,false,false,false,false,false,false,false,false,false,false,false,false,false,false,false,true,false,false,false,false,false,true,false,false,true,false,false,false,false,false,false,false,false,false,false,true,false,false,false,false,false,false,false,false],"height":1.5960261036416492},{"image_id":"a9aa7ad5b14e499082ed36083484cfa8","pose":[0.631364,0.0196698,-0.775238,11.7682,0.775327,0.0042936,0.631546,7.32064,0.0157508,-0.999798,-0.0125402,1.58761,0,0,0,1],"included":true,"visible":[false,true,false,false,false,false,true,false,false,false,false,false,true,false,false,false,false,false,true,false,true,false,true,false,true,false,false,false,true,false,false,false,false,true,true,true,false,true,false,false,true,false,true,false,false,false,true,false,false,false,false,false,false,false,true,false,false,false,false,false,true],"unobstructed":[false,false,false,false,false,false,false,false,false,false,false,false,false,false,false,false,false,false,true,false,false,false,false,false,false,false,false,false,true,false,false,false,false,false,true,false,false,true,false,false,false,false,false,false,false,false,false,false,false,false,false,false,false,false,false,false,false,false,false,false,false],"height":1.5866600283660999},{"image_id":"6c627071aa3448a19a45b0b35ed305b7","pose":[-0.354783,-0.0220657,0.934688,-3.84014,-0.93486,-0.00540204,-0.354976,5.94242,0.0128819,-0.999742,-0.0187122,1.56876,0,0,0,1],"included":true,"visible":[false,false,false,false,false,false,false,false,false,false,false,false,false,false,false,false,false,false,false,false,false,false,false,false,false,false,false,false,false,false,false,false,false,false,false,false,false,false,false,false,false,false,false,true,false,false,false,false,false,false,false,false,false,false,false,false,false,false,false,false,false],"unobstructed":[false,false,false,false,false,false,false,false,false,false,false,false,false,false,false,false,false,false,false,false,false,false,false,false,false,false,false,false,false,false,false,false,false,false,false,false,false,false,false,false,false,false,false,true,false,false,false,false,false,false,false,false,false,false,false,false,false,false,false,false,false],"height":1.610498347790004},{"image_id":"49d8e71cc67d45f9863ca6d25a61a2fa","pose":[-0.987405,-0.0213213,0.156773,-2.92044,-0.156796,-0.000602062,-0.987631,2.02019,0.0211518,-0.999773,-0.00274906,1.65169,0,0,0,1],"included":true,"visible":[false,false,false,false,false,false,false,false,false,false,false,false,false,true,false,false,false,false,false,false,false,false,false,false,false,false,false,false,false,false,true,false,true,false,false,false,false,false,true,true,false,false,false,false,true,false,false,false,false,true,false,false,false,false,false,true,true,false,false,false,false],"unobstructed":[false,false,false,false,false,false,false,false,false,false,false,false,false,true,false,false,false,false,false,false,false,false,false,false,false,false,false,false,false,false,false,false,true,false,false,false,false,false,true,false,false,false,false,false,true,false,false,false,false,true,false,false,false,false,false,true,true,false,false,false,false],"height":1.5948225899694854},{"image_id":"0beedadd4d2c4b4ab488cf246c533988","pose":[-0.624306,0.00116942,-0.78118,-2.074,0.780766,0.0334964,-0.623925,10.0057,0.025437,-0.999438,-0.0218255,1.54393,0,0,0,1],"included":true,"visible":[false,false,false,false,false,false,false,false,false,false,false,false,false,false,false,false,false,false,false,false,true,false,false,false,true,false,true,true,false,false,false,true,false,false,false,false,false,false,false,false,false,false,false,false,false,false,false,false,false,false,false,false,false,false,false,false,false,true,false,false,false],"unobstructed":[false,false,false,false,false,false,false,false,false,false,false,false,false,false,false,false,false,false,false,false,false,false,false,false,false,false,true,true,false,false,false,true,false,false,false,false,false,false,false,false,false,false,false,false,false,false,false,false,false,false,false,false,false,false,false,false,false,true,false,false,false],"height":1.617231308083101},{"image_id":"ce525fada36b41c3a89a4e77e83e4e5f","pose":[-0.823567,-0.00981163,-0.567135,7.4492,0.566881,0.0202889,-0.82355,6.82127,0.0195868,-0.999746,-0.0111477,1.59028,0,0,0,1],"included":true,"visible":[false,true,true,false,false,false,true,false,false,false,false,false,false,false,false,false,false,false,true,false,true,false,true,false,true,false,false,false,true,false,false,false,false,true,true,false,false,true,false,false,false,false,false,false,false,false,false,false,false,false,true,false,false,false,false,false,false,false,false,false,false],"unobstructed":[false,true,true,false,false,false,false,false,false,false,false,false,false,false,false,false,false,false,true,false,false,false,false,false,false,false,false,false,false,false,false,false,false,false,false,false,false,false,false,false,false,false,false,false,false,false,false,false,false,false,false,false,false,false,false,false,false,false,false,false,false],"height":1.5887980459128808},{"image_id":"a0fbf9972e79491bbcbf4a6e7cf38d8a","pose":[-0.352787,-0.0223369,0.935437,-6.12622,-0.935028,-0.0295769,-0.353339,3.63325,0.0355597,-0.999313,-0.0104517,1.63825,0,0,0,1],"included":true,"visible":[false,false,false,false,false,false,false,false,false,false,false,false,false,false,false,false,false,false,false,false,false,false,false,false,false,false,false,false,false,false,false,false,false,false,false,false,false,false,true,true,false,false,false,false,false,false,false,true,false,false,false,false,true,false,false,false,false,false,false,false,false],"unobstructed":[false,false,false,false,false,false,false,false,false,false,false,false,false,false,false,false,false,false,false,false,false,false,false,false,false,false,false,false,false,false,false,false,false,false,false,false,false,false,false,false,false,false,false,false,true,false,false,true,false,false,false,false,true,false,false,false,false,false,false,false,false],"height":1.588829843257794},{"image_id":"e14074a6c7e0450492bf4c0a6c431357","pose":[0.329772,0.0120496,-0.943984,0.0964855,0.943971,0.009652,0.32989,3.93058,0.0130862,-0.999881,-0.00819194,1.59588,0,0,0,1],"included":true,"visible":[false,false,false,false,false,false,false,true,false,false,false,false,true,true,true,false,false,true,false,false,false,false,false,false,false,true,false,false,false,false,true,false,true,false,false,false,false,false,true,false,false,false,false,false,false,false,false,false,false,true,false,false,true,false,true,false,false,false,false,false,false],"unobstructed":[false,false,false,false,false,false,false,false,false,false,false,false,false,true,false,false,false,false,false,false,false,false,false,false,false,false,false,false,false,false,true,false,true,false,false,false,false,false,true,false,false,false,false,false,false,false,false,false,false,false,false,false,true,false,false,false,false,false,false,false,false],"height":1.5956815447029375},{"image_id":"c5fe339f452f4eddb9659f812c38c748","pose":[0.993644,0.0316137,-0.108046,-0.973934,0.108567,-0.0152471,0.993973,8.6371,0.0297756,-0.999384,-0.0185829,1.55586,0,0,0,1],"included":true,"visible":[false,false,false,false,false,false,false,false,false,false,false,false,false,false,false,false,false,false,false,false,true,false,false,false,true,false,true,true,false,false,false,true,false,false,false,false,false,false,false,false,false,false,false,false,false,false,false,false,false,false,false,false,false,true,false,false,false,false,false,false,false],"unobstructed":[false,false,false,false,false,false,false,false,false,false,false,false,false,false,false,false,false,false,false,false,false,false,false,false,true,false,true,true,false,true,false,false,false,false,false,false,false,false,false,false,false,false,false,false,false,false,false,false,false,false,false,false,false,true,false,false,false,false,false,false,false],"height":1.6004158560332615},{"image_id":"5d943867a94a46e1a7d2a4d077855a57","pose":[0.881923,0.00483232,0.471371,6.45106,-0.47132,-0.00885533,0.881918,10.6392,0.00843573,-0.999949,-0.00553258,1.61906,0,0,0,1],"included":true,"visible":[false,true,true,false,false,false,false,false,false,false,false,false,false,false,false,false,false,false,false,true,false,false,false,false,false,false,false,false,false,false,false,false,false,false,false,false,false,false,false,false,false,false,false,false,false,false,false,false,false,false,false,false,false,false,false,false,false,false,false,false,false],"unobstructed":[false,false,false,false,false,false,false,false,false,false,false,false,false,false,false,false,false,false,false,true,false,false,false,false,false,false,false,false,false,false,false,false,false,false,false,false,false,false,false,false,false,false,false,false,false,false,false,false,false,false,false,false,false,false,false,false,false,false,false,false,false],"height":1.5957262816948306},{"image_id":"1d80333e82b347e89884fffc9f4187e0","pose":[0.136922,0.0181623,-0.990416,14.0786,0.990054,0.0301513,0.137425,10.8403,0.0323581,-0.999381,-0.0138537,1.60429,0,0,0,1],"included":true,"visible":[false,false,false,false,false,false,false,false,false,false,false,false,false,false,false,false,false,false,false,false,false,true,false,false,false,false,false,false,false,false,false,false,false,false,false,false,false,false,false,false,false,false,false,false,false,false,false,false,false,false,false,false,false,false,false,false,false,false,false,false,false],"unobstructed":[false,false,false,false,false,false,false,false,false,false,false,false,false,false,false,false,false,false,false,false,false,true,false,false,false,false,false,false,false,false,false,false,false,false,false,false,false,false,false,false,false,false,false,false,false,false,false,false,false,false,false,false,false,false,false,false,false,false,false,false,false],"height":1.5996333809900043},{"image_id":"c72099534821414c956a08c899742eb8","pose":[0.76348,0.000187969,0.645832,11.739,-0.645659,-0.0229155,0.763283,1.29784,0.0149429,-0.999738,-0.0173746,1.58314,0,0,0,1],"included":true,"visible":[false,false,false,false,false,false,false,false,true,true,false,false,true,false,true,true,false,false,true,false,false,false,false,true,false,true,false,false,true,false,false,false,false,false,true,false,false,true,false,false,false,false,true,false,false,false,true,false,false,false,true,false,false,false,false,false,false,false,false,false,false],"unobstructed":[false,false,false,false,false,false,false,false,false,false,false,false,true,false,false,false,false,false,false,false,false,false,false,false,false,true,false,false,false,false,false,false,false,false,false,false,false,false,false,false,false,false,false,false,false,false,true,false,false,false,false,false,false,false,false,false,false,false,false,false,false],"height":1.5799939388922246}]