[{"image_id":"087236543c9a4043a0a3d824b7eef95f","pose":[-0.984813,-0.00417043,0.173561,1.86791,-0.17361,0.0206341,-0.984598,7.36226,0.00052519,-0.999778,-0.0210438,1.42534,0,0,0,1],"included":true,"visible":[false,false,false,false,false,false,false,false,true,false,false,true,false,false,false,false,false,false,false,false,true,true,true,false,false,false,false,false,false,false,false,true,false,false,false,true,false,false,false,false,false,false,false,false,false,false,false,false,false,false,false,true,false,false,false,false,false,false],"unobstructed":[false,false,false,false,false,false,false,false,false,false,false,false,false,false,false,false,false,false,false,false,false,false,true,false,false,false,false,false,false,false,false,false,false,false,false,true,false,false,false,false,false,false,false,false,false,false,false,false,false,false,false,false,false,false,false,false,false,false],"height":1.4269065514307109},{"image_id":"a5b1629e7b544797a6a18c6c924e2166","pose":[0.0555273,0.0192583,-0.998271,21.2548,0.998453,0.0015921,0.0555685,-4.51466,0.00265977,-0.999813,-0.0191392,1.41636,0,0,0,1],"included":true,"visible":[false,false,false,false,false,false,false,false,false,false,false,false,false,false,false,false,true,true,true,false,false,false,false,false,false,false,false,false,true,false,false,false,false,false,false,false,false,true,false,false,false,false,true,false,false,false,false,false,false,false,false,false,false,false,false,false,false,true],"unobstructed":[false,false,false,false,false,false,false,false,false,false,false,false,false,false,false,false,true,true,false,false,false,false,false,false,false,false,false,false,true,false,false,false,false,false,false,false,false,false,false,false,false,false,false,false,false,false,false,false,false,false,false,false,false,false,false,false,false,false],"height":1.4259910594613},{"image_id":"a063f9faee924b5488d4f9208ebfda6f","pose":[-0.00419628,0.0209266,-0.999772,23.829,0.999975,0.0056595,-0.00407838,0.262627,0.00557313,-0.999765,-0.0209488,1.41994,0,0,0,1],"included":true,"visible":[false,false,false,false,false,false,false,false,false,false,true,false,false,false,false,false,true,true,false,true,false,false,false,true,false,false,false,false,false,false,false,false,false,false,true,false,false,false,false,false,true,false,true,false,true,true,false,false,false,false,false,false,false,false,false,false,false,false],"unobstructed":[false,false,false,false,false,false,false,false,false,false,false,false,false,false,false,false,true,true,false,true,false,false,false,false,false,false,false,false,false,false,false,false,false,false,false,false,false,false,false,false,false,false,false,false,false,false,false,false,false,false,false,false,false,false,false,false,false,false],"height":1.4265348287260573},{"image_id":"d17d01dffc6a4f5e821580a1f5d9b346","pose":[-0.993685,0.00627397,0.112026,4.89197,-0.112008,0.00315465,-0.993702,3.07318,-0.00658759,-0.999975,-0.00243099,1.42625,0,0,0,1],"included":true,"visible":[false,false,false,false,false,false,false,false,true,false,false,false,false,false,false,false,false,false,false,false,false,true,false,false,false,true,false,false,false,false,false,true,false,false,false,false,false,false,false,false,false,false,false,false,false,false,false,true,false,true,true,false,false,false,true,false,true,false],"unobstructed":[false,false,false,false,false,false,false,false,false,false,false,false,false,false,false,false,false,false,false,false,false,true,false,false,false,false,false,false,false,false,false,true,false,false,false,false,false,false,false,false,false,false,false,false,false,false,false,true,false,false,false,false,false,false,true,false,false,false],"height":1.4295960596718578},{"image_id":"bd1975e02f1a442895be61e261098762","pose":[0.00984036,-0.0176421,0.999796,29.1526,-0.999934,0.00558634,0.00994,11.2666,-0.00576029,-0.999828,-0.017585,1.43957,0,0,0,1],"included":true,"visible":[false,false,false,false,false,true,false,true,false,false,false,false,false,false,false,false,false,false,false,false,false,false,false,false,false,false,false,true,false,false,true,false,true,true,false,false,false,false,false,false,true,true,false,true,false,false,true,false,false,false,false,false,false,true,false,false,false,false],"unobstructed":[false,false,false,false,false,false,false,false,false,false,false,false,false,false,false,false,false,false,false,false,false,false,false,false,false,false,false,true,false,false,false,false,true,false,false,false,false,false,false,false,false,true,false,false,false,false,false,false,false,false,false,false,false,false,false,false,false,false],"height":1.4318156231110375},{"image_id":"30f89135ac9a48efa283327c407b6ad0","pose":[-0.0496182,-0.0233252,0.998496,29.1367,-0.998752,-0.00438338,-0.0497337,5.36644,0.0055371,-0.999718,-0.0230776,1.42225,0,0,0,1],"included":true,"visible":[false,false,false,false,true,false,false,true,false,false,false,false,false,false,false,false,false,false,false,false,false,false,false,false,false,false,false,true,false,false,true,false,true,true,false,false,false,false,false,false,true,false,false,true,false,false,true,false,false,false,false,false,false,false,false,false,false,false],"unobstructed":[false,false,false,false,false,false,false,false,false,false,false,false,false,false,false,false,false,false,false,false,false,false,false,false,false,false,false,false,false,false,true,false,false,true,false,false,false,false,false,false,false,false,false,false,false,false,false,false,false,false,false,false,false,false,false,false,false,false],"height":1.4245127083107707},{"image_id":"c27b2a83f05649e08baae0328c5583db","pose":[0.0355758,-0.0201168,0.999165,10.0723,-0.999322,-0.0101296,0.0353772,6.40546,0.00940971,-0.999746,-0.0204625,1.42777,0,0,0,1],"included":true,"visible":[false,false,false,false,false,false,false,false,false,false,false,false,false,false,false,false,false,false,false,false,false,false,false,false,false,false,false,false,false,false,false,false,false,false,true,false,false,false,true,true,false,false,false,false,false,true,false,false,false,true,true,false,false,false,false,false,false,false],"unobstructed":[false,false,false,false,false,false,false,false,false,false,false,false,false,false,false,false,false,false,false,false,false,false,false,false,false,false,false,false,false,false,false,false,false,false,false,false,false,false,true,true,false,false,false,false,false,false,false,false,false,true,true,false,false,false,false,false,false,false],"height":1.4300768374564363},{"image_id":"fbef2c9afec642c88d01cf09c90aec12","pose":[-0.0105116,-0.0144865,0.999839,29.1651,-0.999911,-0.00793275,-0.0106276,7.70384,0.0080857,-0.999863,-0.0144009,1.41693,0,0,0,1],"included":true,"visible":[false,false,false,false,true,true,false,false,false,false,false,false,false,false,false,false,false,false,false,false,false,false,false,false,false,false,false,true,false,false,true,false,true,true,false,false,false,false,false,false,true,false,false,true,false,false,true,false,false,false,false,false,false,false,false,false,false,false],"unobstructed":[false,false,false,false,false,false,false,false,false,false,false,false,false,false,false,false,false,false,false,false,false,false,false,false,false,false,false,false,false,false,false,false,true,true,false,false,false,false,false,false,false,false,false,false,false,false,false,false,false,false,false,false,false,false,false,false,false,false],"height":1.4273729607850594},{"image_id":"c8cff87761fa4a038cfb26a87369ecd4","pose":[0.920284,0.014751,-0.39097,1.9396,0.391177,-0.0156126,0.920183,3.06357,0.00746977,-0.999769,-0.0201373,1.42788,0,0,0,1],"included":true,"visible":[true,false,false,true,false,false,false,false,false,false,false,false,false,false,false,false,false,false,false,false,true,true,true,false,false,true,false,false,false,false,false,true,false,false,false,true,false,false,false,false,false,false,false,false,false,false,false,true,false,true,true,true,false,false,true,false,true,false],"unobstructed":[false,false,false,false,false,false,false,false,false,false,false,false,false,false,false,false,false,false,false,false,false,true,false,false,false,false,false,false,false,false,false,true,false,false,false,false,false,false,false,false,false,false,false,false,false,false,false,false,false,false,false,false,false,false,true,false,false,false],"height":1.4305267447011365},{"image_id":"c2ee97a3318d4b7bb72bef71053bc1c8","pose":[-0.00138551,-0.0190175,0.999818,14.8658,-0.999994,-0.00308155,-0.00144467,13.7418,0.00310873,-0.999814,-0.0190121,1.45214,0,0,0,1],"included":true,"visible":[false,false,false,false,false,false,false,false,false,false,false,false,true,true,true,true,false,false,false,false,false,false,false,false,true,false,false,true,false,true,false,false,false,false,false,false,true,false,false,false,false,true,false,false,false,false,false,false,true,false,false,false,true,true,false,true,false,false],"unobstructed":[false,false,false,false,false,false,false,false,false,false,false,false,true,false,false,false,false,false,false,false,false,false,false,false,false,false,false,false,false,false,false,false,false,false,false,false,true,false,false,false,false,false,false,false,false,false,false,false,false,false,false,false,false,false,false,false,false,false],"height":1.4264541845551149},{"image_id":"fe0787eb7f0348f0a0b0e84c25833fd7","pose":[0.110512,-0.0162642,0.993741,31.2043,-0.99386,-0.00702423,0.11041,0.282942,0.00518481,-0.999843,-0.0169396,1.42535,0,0,0,1],"included":true,"visible":[false,false,true,false,false,false,false,false,false,false,false,false,false,false,false,false,true,false,false,true,false,false,false,true,false,false,true,false,false,false,true,false,false,false,false,false,false,true,false,false,true,false,true,false,true,true,false,false,false,false,false,false,false,false,false,false,false,false],"unobstructed":[false,false,false,false,false,false,false,false,false,false,false,false,false,false,false,false,false,false,false,false,false,false,false,false,false,false,true,false,false,false,true,false,false,false,false,false,false,false,false,false,true,false,false,false,false,false,false,false,false,false,false,false,false,false,false,false,false,false],"height":1.4239328505050575},{"image_id":"a6be830d8b644387a522a5c86f7a9d8c","pose":[0.967303,-0.00898587,0.253461,2.67655,-0.253554,-0.0115602,0.967252,12.5817,-0.00576128,-0.999892,-0.0134596,1.43027,0,0,0,1],"included":true,"visible":[true,false,false,false,false,false,false,false,false,false,false,false,false,false,true,false,false,false,false,false,true,false,true,false,false,false,false,false,false,true,false,true,false,false,false,true,true,false,false,false,false,false,false,false,false,false,false,false,true,false,false,true,true,false,false,true,false,false],"unobstructed":[false,false,false,false,false,false,false,false,false,false,false,false,false,false,true,false,false,false,false,false,false,false,false,false,false,false,false,false,false,false,false,false,false,false,false,false,false,false,false,false,false,false,false,false,false,false,false,false,false,false,false,true,true,false,false,true,false,false],"height":1.4219407024792314},{"image_id":"ae2aeba150fd4fe4b6714b63e1a8ba51","pose":[-0.033889,-0.0088853,0.999386,16.5159,-0.999417,-0.00370576,-0.0339233,13.743,0.00400517,-0.999953,-0.00875353,1.46051,0,0,0,1],"included":true,"visible":[false,false,false,false,false,false,false,false,false,true,false,false,false,true,true,true,false,false,false,false,false,false,false,false,true,false,false,true,false,true,false,false,false,false,false,false,true,false,false,false,false,true,false,false,false,false,false,false,true,false,false,false,true,true,false,true,false,false],"unobstructed":[false,false,false,false,false,false,false,false,false,true,false,false,false,false,false,false,false,false,false,false,false,false,false,false,true,false,false,false,false,false,false,false,false,false,false,false,false,false,false,false,false,false,false,false,false,false,false,false,false,false,false,false,false,false,false,false,false,false],"height":1.4214535704145874},{"image_id":"30cacfc75a8c4f09bde7fc10899f0a53","pose":[0.021425,-0.0137851,0.999675,22.9816,-0.999769,-0.00164159,0.0214041,13.7619,0.00134626,-0.999903,-0.0138161,1.44865,0,0,0,1],"included":true,"visible":[false,false,false,false,false,false,false,false,false,true,false,false,true,false,true,true,false,false,false,false,false,false,false,false,true,false,false,true,false,true,false,false,false,false,false,false,true,false,false,false,false,true,false,true,false,false,true,false,true,false,false,false,true,true,false,true,false,false],"unobstructed":[false,false,false,false,false,false,false,false,false,false,false,false,false,false,false,true,false,false,false,false,false,false,false,false,false,false,false,false,false,false,false,false,false,false,false,false,false,false,false,false,false,false,false,false,false,false,false,false,false,false,false,false,false,true,false,false,false,false],"height":1.4248329151912964},{"image_id":"451088e169fd4fe3b14d1f26b18d9a27","pose":[0.968529,-0.00976922,0.248706,3.4179,-0.248781,-0.007427,0.968531,13.8742,-0.00761438,-0.999924,-0.00962267,1.42873,0,0,0,1],"included":true,"visible":[false,false,false,false,false,false,false,false,false,true,false,true,true,true,false,true,false,false,false,false,true,false,false,false,true,false,false,true,false,true,false,false,false,false,false,true,true,false,false,false,false,true,false,false,false,false,false,false,true,false,false,true,true,true,false,true,false,false],"unobstructed":[false,false,false,false,false,false,false,false,false,false,false,true,false,false,false,false,false,false,false,false,false,false,false,false,false,false,false,false,false,false,false,false,false,false,false,false,false,false,false,false,false,false,false,false,false,false,false,false,false,false,false,false,true,false,false,false,false,false],"height":1.4232558278369383},{"image_id":"80cd596c480c4f72a7457433b862d179","pose":[0.0361303,-0.0136722,0.999253,20.8179,-0.999342,0.00252416,0.0361677,13.7325,-0.0030165,-0.999903,-0.013571,1.45761,0,0,0,1],"included":true,"visible":[false,false,false,false,false,false,false,false,false,true,false,false,true,true,true,false,false,false,false,false,false,false,false,false,true,false,false,true,false,true,false,false,false,false,false,false,true,false,false,false,false,true,false,false,false,false,false,false,true,false,false,false,true,true,false,true,false,false],"unobstructed":[false,false,false,false,false,false,false,false,false,false,false,false,false,true,false,false,false,false,false,false,false,false,false,false,true,false,false,false,false,false,false,false,false,false,false,false,false,false,false,false,false,false,false,false,false,false,false,false,false,false,false,false,false,false,false,false,false,false],"height":1.4302552599210596},{"image_id":"5d464337597c487c8bad21065c565a18","pose":[-0.0655104,0.0124528,-0.997774,21.4328,0.997831,0.00720686,-0.065424,0.209411,0.00637638,-0.999896,-0.0128969,1.41609,0,0,0,1],"included":true,"visible":[false,true,true,false,false,false,false,false,false,false,true,false,false,false,false,false,false,true,false,true,false,false,false,true,false,false,false,false,false,false,false,false,false,false,true,false,false,false,false,false,true,false,true,false,true,true,false,false,false,false,false,false,false,false,false,false,false,false],"unobstructed":[false,true,true,false,false,false,false,false,false,false,false,false,false,false,false,false,false,true,false,false,false,false,false,false,false,false,false,false,false,false,false,false,false,false,false,false,false,false,false,false,false,false,true,false,false,false,false,false,false,false,false,false,false,false,false,false,false,false],"height":1.4242773484379463},{"image_id":"798e1b9501874ce599d1d0d1905c721e","pose":[0.0442491,0.0205112,-0.99881,20.6925,0.999001,0.00514841,0.0443637,-2.23577,0.00605249,-0.999776,-0.0202619,1.41142,0,0,0,1],"included":true,"visible":[false,true,true,false,false,false,false,false,false,false,false,false,false,false,false,false,true,false,false,false,false,false,false,false,false,false,false,false,true,false,false,false,false,false,false,false,false,false,false,false,false,false,true,false,false,false,false,false,false,false,false,false,false,false,false,false,false,false],"unobstructed":[false,true,true,false,false,false,false,false,false,false,false,false,false,false,false,false,true,false,false,false,false,false,false,false,false,false,false,false,true,false,false,false,false,false,false,false,false,false,false,false,false,false,true,false,false,false,false,false,false,false,false,false,false,false,false,false,false,false],"height":1.4271365951329162},{"image_id":"8b80d44af6624e14958b89141b482bd4","pose":[0.115106,0.0199851,-0.993152,28.4903,0.993346,0.00136347,0.115156,-5.03192,0.00365581,-0.999799,-0.0196942,1.42416,0,0,0,1],"included":true,"visible":[false,true,false,false,false,false,false,false,false,false,false,false,false,false,false,false,false,false,false,false,false,false,false,false,false,false,true,false,true,false,false,false,false,false,false,false,false,true,false,false,false,false,false,false,false,false,false,false,false,false,false,false,false,false,false,false,false,true],"unobstructed":[false,false,false,false,false,false,false,false,false,false,false,false,false,false,false,false,false,false,false,false,false,false,false,false,false,false,true,false,false,false,false,false,false,false,false,false,false,true,false,false,false,false,false,false,false,false,false,false,false,false,false,false,false,false,false,false,false,true],"height":1.4265788163862292},{"image_id":"0eeeec62f5884cf396e3822ad3a1d5d7","pose":[0.0719421,0.0186757,-0.997234,26.5157,0.997382,0.00590867,0.0720639,0.331918,0.00723844,-0.999808,-0.0182008,1.41838,0,0,0,1],"included":true,"visible":[false,false,true,false,false,false,false,false,false,false,true,false,false,false,false,false,true,false,false,false,false,false,false,true,false,false,false,false,false,false,true,false,false,false,false,false,false,false,false,false,true,false,true,false,true,true,false,false,false,false,false,false,false,false,false,false,false,false],"unobstructed":[false,false,true,false,false,false,false,false,false,false,false,false,false,false,false,false,false,false,false,false,false,false,false,false,false,false,false,false,false,false,true,false,false,false,false,false,false,false,false,false,true,false,false,false,false,false,false,false,false,false,false,false,false,false,false,false,false,false],"height":1.4272934810600388},{"image_id":"f1c1b472600941529db03b728464bcd5","pose":[0.999997,-0.00165822,0.000585439,1.87048,-0.000588341,-0.00195672,0.999998,9.85291,-0.0016568,-0.999996,-0.00195668,1.43208,0,0,0,1],"included":true,"visible":[true,false,false,false,false,false,false,false,true,false,false,true,false,false,true,false,false,false,false,false,false,true,true,false,false,false,false,false,false,false,false,true,false,false,false,true,false,false,false,false,false,false,false,false,false,false,false,false,false,false,false,true,true,false,false,false,false,false],"unobstructed":[false,false,false,false,false,false,false,false,false,false,false,false,false,false,false,false,false,false,false,false,false,false,false,false,false,false,false,false,false,false,false,false,false,false,false,true,false,false,false,false,false,false,false,false,false,false,false,false,false,false,false,true,false,false,false,false,false,false],"height":1.423843928116435},{"image_id":"d2e2cf3e29c84b1dad3acbfa6ab914a2","pose":[-0.160348,0.0187689,-0.986882,2.40221,0.986969,0.0166147,-0.160046,1.88558,0.0133931,-0.999685,-0.0211875,1.43048,0,0,0,1],"included":true,"visible":[true,false,false,true,false,false,false,false,true,false,false,false,false,false,false,false,false,false,false,false,true,false,true,false,false,true,false,false,false,false,false,true,false,false,false,true,false,false,false,false,false,false,false,false,false,false,false,true,false,true,true,true,false,false,true,false,false,false],"unobstructed":[false,false,false,true,false,false,false,false,true,false,false,false,false,false,false,false,false,false,false,false,false,false,false,false,false,false,false,false,false,false,false,false,false,false,false,false,false,false,false,false,false,false,false,false,false,false,false,true,false,false,false,false,false,false,true,false,false,false],"height":1.4296141278696992},{"image_id":"a38fc71b78d24fd2b80cfaaa8140a0de","pose":[0.996467,-0.00190193,-0.0839518,1.85896,0.0839324,-0.0087336,0.996433,6.37385,-0.00262808,-0.99996,-0.00854211,1.42295,0,0,0,1],"included":true,"visible":[true,false,false,false,false,false,false,false,true,false,false,true,false,false,false,false,false,false,false,false,true,true,false,false,false,false,false,false,false,false,false,true,false,false,false,true,false,false,false,false,false,false,false,false,false,false,false,false,false,false,false,true,false,false,false,false,false,false],"unobstructed":[true,false,false,false,false,false,false,false,false,false,false,false,false,false,false,false,false,false,false,false,false,false,false,false,false,false,false,false,false,false,false,true,false,false,false,false,false,false,false,false,false,false,false,false,false,false,false,false,false,false,false,false,false,false,false,false,false,false],"height":1.4270582663174016},{"image_id":"b77ca143d1fa44fe9fb51b06a48411e4","pose":[0.517454,-0.0109016,0.855641,13.4365,-0.855669,-0.0164075,0.517262,0.554121,0.00840025,-0.999806,-0.0178173,1.42725,0,0,0,1],"included":true,"visible":[false,false,true,false,false,false,false,false,false,false,true,false,false,false,false,false,true,false,false,true,false,false,false,false,false,true,false,false,false,false,false,true,false,false,true,false,false,false,true,false,true,false,true,false,true,true,false,false,false,true,true,false,false,false,false,false,true,false],"unobstructed":[false,false,false,false,false,false,false,false,false,false,false,false,false,false,false,false,false,false,false,false,false,false,false,false,false,false,false,false,false,false,false,false,false,false,false,false,false,false,false,false,false,false,false,false,true,true,false,false,false,true,false,false,false,false,false,false,true,false],"height":1.42661341184365},{"image_id":"099d792dbfb2402ca355fd7ed860128f","pose":[0.0021242,-0.0239809,0.99971,18.3397,-0.999979,-0.00607886,0.00197865,13.7758,0.00602991,-0.999694,-0.0239923,1.45506,0,0,0,1],"included":true,"visible":[false,false,false,false,false,false,false,false,false,true,false,false,true,true,true,true,false,false,false,false,false,false,false,false,false,false,false,true,false,true,false,false,false,false,false,false,true,false,false,false,false,true,false,false,false,false,false,false,true,false,false,false,true,true,false,true,false,false],"unobstructed":[false,false,false,false,false,false,false,false,false,false,false,false,true,false,false,true,false,false,false,false,false,false,false,false,false,false,false,false,false,false,false,false,false,false,false,false,false,false,false,false,false,false,false,false,false,false,false,false,false,false,false,false,false,false,false,false,false,false],"height":1.4267075058945229},{"image_id":"bc9bd723cae547c290bb24692fd1b8ce","pose":[-0.0395924,-0.0296947,0.998774,6.84829,-0.999113,-0.0131101,-0.0399959,3.10833,0.0142819,-0.999473,-0.0291483,1.44152,0,0,0,1],"included":true,"visible":[false,false,false,true,false,false,false,false,true,false,false,false,false,false,false,false,false,false,false,false,false,true,false,true,false,false,false,false,false,false,false,true,false,false,true,false,false,false,true,false,false,false,false,false,true,true,false,true,false,true,true,false,false,false,true,false,true,false],"unobstructed":[false,false,false,false,false,false,false,false,false,false,false,false,false,false,false,false,false,false,false,false,false,false,false,false,false,false,false,false,false,false,false,false,false,false,true,false,false,false,false,false,false,false,false,false,false,false,false,true,false,false,true,false,false,false,false,false,false,false],"height":1.4261269128315246},{"image_id":"9dd1efeee9034a408ebdeabf77b7ec63","pose":[0.0429711,0.0130776,-0.99899,31.7013,0.999073,0.00175188,0.042998,-2.43024,0.0023127,-0.999913,-0.0129892,1.42637,0,0,0,1],"included":true,"visible":[false,false,false,false,false,false,false,false,false,false,true,false,false,false,false,false,false,false,true,false,false,false,false,false,false,false,false,false,false,false,true,false,false,false,false,false,false,true,false,false,true,false,false,false,false,false,false,false,false,false,false,false,false,false,false,false,false,false],"unobstructed":[false,false,false,false,false,false,false,false,false,false,true,false,false,false,false,false,false,false,true,false,false,false,false,false,false,false,false,false,false,false,false,false,false,false,false,false,false,true,false,false,true,false,false,false,false,false,false,false,false,false,false,false,false,false,false,false,false,false],"height":1.4257121528349375},{"image_id":"02a73934caf1435194b39702080d38e8","pose":[-0.14725,-0.0261092,0.988754,29.0451,-0.989013,-0.00925733,-0.147534,13.0254,0.0130055,-0.999616,-0.0244582,1.43294,0,0,0,1],"included":true,"visible":[false,false,false,false,true,true,false,true,false,true,false,false,true,true,true,true,false,false,false,false,false,false,false,false,true,false,false,false,false,true,true,false,true,true,false,false,true,false,false,false,true,true,false,true,false,false,true,false,true,false,false,false,true,true,false,true,false,false],"unobstructed":[false,false,false,false,true,false,false,false,false,false,false,false,false,false,false,false,false,false,false,false,false,false,false,false,false,false,false,false,false,false,false,false,false,false,false,false,false,false,false,false,false,true,false,true,false,false,true,false,false,false,false,false,false,false,false,false,false,false],"height":1.4249420883565531},{"image_id":"d825fe05575245e7b0b636832a6d707d","pose":[0.00241727,0.0128212,-0.999915,23.7155,0.999989,0.00371125,0.00246533,-5.08731,0.00374281,-0.999911,-0.0128111,1.42509,0,0,0,1],"included":true,"visible":[false,true,false,false,false,false,false,false,false,false,false,false,false,false,false,false,false,false,true,false,false,false,false,false,false,false,false,false,false,false,false,false,false,false,false,false,false,true,false,false,false,false,false,false,false,false,false,false,false,false,false,false,false,false,false,false,false,true],"unobstructed":[false,true,false,false,false,false,false,false,false,false,false,false,false,false,false,false,false,true,false,false,false,false,false,false,false,false,false,false,false,false,false,false,false,false,false,false,false,false,false,false,false,false,false,false,false,false,false,false,false,false,false,false,false,false,false,false,false,true],"height":1.429557681789399},{"image_id":"812d350ed76d4fa1a0a63d4587431409","pose":[-0.000853283,-0.0122026,0.999925,10.8539,-0.999989,-0.00430237,-0.00090614,13.7952,0.00431337,-0.999916,-0.0121978,1.4542,0,0,0,1],"included":true,"visible":[false,false,false,false,false,false,false,false,false,true,false,true,true,true,true,true,false,false,false,false,false,false,false,false,true,false,false,true,false,false,false,false,false,false,false,false,true,false,false,false,false,true,false,false,false,false,false,false,true,false,false,false,true,true,false,true,true,false],"unobstructed":[false,false,false,false,false,false,false,false,false,false,false,false,false,false,false,false,false,false,false,false,false,false,false,false,false,false,false,false,false,false,false,false,false,false,false,false,true,false,false,false,false,false,false,false,false,false,false,false,true,false,false,false,false,false,false,false,false,false],"height":1.4252821845576045},{"image_id":"79d34c65b4d04dfa868bc713fbe58ed7","pose":[0.0885973,-0.00734744,0.99604,29.1135,-0.996061,0.0027281,0.0886191,3.04345,-0.00336815,-0.999969,-0.00707579,1.42645,0,0,0,1],"included":true,"visible":[false,false,false,false,true,true,false,true,false,false,true,false,false,false,false,false,false,false,false,true,false,false,false,false,false,false,true,true,false,false,false,false,true,true,false,false,false,false,false,false,true,false,false,true,false,false,true,false,false,false,false,false,false,false,false,false,false,false],"unobstructed":[false,false,false,false,false,true,false,false,false,false,true,false,false,false,false,false,false,false,false,true,false,false,false,false,false,false,false,false,false,false,false,false,false,false,false,false,false,false,false,false,true,false,false,false,false,false,false,false,false,false,false,false,false,false,false,false,false,false],"height":1.4262175310726133},{"image_id":"7fd32fb4686b47a29b435aa6564245d3","pose":[-0.505857,-0.0321215,0.862019,1.81156,-0.862329,-0.00697674,-0.5063,4.66185,0.0222774,-0.999459,-0.024169,1.41654,0,0,0,1],"included":true,"visible":[true,false,false,true,false,false,false,false,true,false,false,true,false,false,false,false,false,false,false,false,true,true,true,true,false,true,false,false,false,false,false,false,false,false,false,true,false,false,false,false,false,false,false,false,true,false,false,true,false,false,true,true,false,false,true,false,false,false],"unobstructed":[false,false,false,true,false,false,false,false,true,false,false,false,false,false,false,false,false,false,false,false,false,false,true,false,false,false,false,false,false,false,false,false,false,false,false,false,false,false,false,false,false,false,false,false,false,false,false,true,false,false,false,false,false,false,true,false,false,false],"height":1.414737911301029},{"image_id":"e1fcf33318b44bd9a3995e10f3d5b5c7","pose":[0.0417527,-0.0190067,0.998947,29.0844,-0.999114,0.00439137,0.041843,9.52563,-0.00518178,-0.999809,-0.0188056,1.42231,0,0,0,1],"included":true,"visible":[false,false,false,false,true,true,false,true,false,false,false,false,false,false,false,false,false,false,false,false,false,false,false,false,false,false,false,true,false,false,true,false,false,true,false,false,false,false,false,false,true,false,false,true,false,false,true,false,false,false,false,false,false,false,false,false,false,false],"unobstructed":[false,false,false,false,true,false,false,true,false,false,false,false,false,false,false,false,false,false,false,false,false,false,false,false,false,false,false,false,false,false,false,false,false,false,false,false,false,false,false,false,false,false,false,false,false,false,false,false,false,false,false,false,false,false,false,false,false,false],"height":1.422776386470829},{"image_id":"d2feed5e3d1a49a687ce8f3f058472be","pose":[-0.0232754,-0.0158955,0.999603,29.119,-0.999666,-0.0108266,-0.0234493,6.43661,0.0111953,-0.999815,-0.0156372,1.42157,0,0,0,1],"included":true,"visible":[false,false,false,false,true,true,false,true,false,false,false,false,false,false,false,false,false,false,false,false,false,false,false,false,false,false,false,true,false,false,true,false,true,false,false,false,false,false,false,false,true,false,false,true,false,false,true,false,false,false,false,false,false,false,false,false,false,false],"unobstructed":[false,false,false,false,false,true,false,true,false,false,false,false,false,false,false,false,false,false,false,false,false,false,false,false,false,false,false,false,false,false,false,false,false,false,false,false,false,false,false,false,false,false,false,false,false,false,false,false,false,false,false,false,false,false,false,false,false,false],"height":1.4264002248717154},{"image_id":"bc4ec1f735f3446aa4b56165d9508b45","pose":[-0.0801566,-0.0261433,0.996439,9.79254,-0.99676,-0.00437416,-0.0802977,1.26844,0.00645809,-0.999648,-0.025707,1.43262,0,0,0,1],"included":true,"visible":[false,false,true,false,false,false,true,false,false,false,false,false,false,false,false,false,true,false,false,false,false,false,false,true,false,true,false,false,false,false,false,false,false,false,false,false,false,false,false,true,false,false,true,false,true,true,false,false,false,true,true,false,false,false,false,false,false,false],"unobstructed":[false,false,false,false,false,false,false,false,false,false,false,false,false,false,false,false,false,false,false,false,false,false,false,false,false,true,false,false,false,false,false,false,false,false,false,false,false,false,false,false,false,false,false,false,false,true,false,false,false,true,true,false,false,false,false,false,false,false],"height":1.4320121713243739},{"image_id":"22fff6c74efb476592569c18718feb41","pose":[0.99963,-0.000892411,-0.0271508,1.85638,0.0271426,-0.00841535,0.999596,8.41273,-0.00112026,-0.999964,-0.00838701,1.42595,0,0,0,1],"included":true,"visible":[true,false,false,false,false,false,false,false,true,false,false,true,false,false,true,false,false,false,false,false,true,true,true,false,false,false,false,false,false,false,false,true,false,false,false,false,false,false,false,false,false,false,false,false,false,false,false,false,false,false,false,true,false,false,false,false,false,false],"unobstructed":[true,false,false,false,false,false,false,false,false,false,false,false,false,false,false,false,false,false,false,false,true,false,false,false,false,false,false,false,false,false,false,false,false,false,false,false,false,false,false,false,false,false,false,false,false,false,false,false,false,false,false,false,false,false,false,false,false,false],"height":1.4253615553333059},{"image_id":"30b2437ea7864131815d92f2ef421a0f","pose":[0.0331422,-0.01623,0.999319,13.0083,-0.999442,-0.00451142,0.0330728,13.7863,0.00397184,-0.999858,-0.0163695,1.45602,0,0,0,1],"included":true,"visible":[false,false,false,false,false,false,false,false,false,true,false,true,true,true,true,true,false,false,false,false,false,false,false,false,true,false,false,true,false,true,false,false,false,false,true,false,false,false,false,true,false,true,false,false,false,false,false,false,true,true,false,false,true,true,false,true,false,false],"unobstructed":[false,false,false,false,false,false,false,false,false,true,false,false,false,false,false,false,false,false,false,false,false,false,false,false,false,false,false,false,false,true,false,false,false,false,false,false,false,false,false,false,false,false,false,false,false,false,false,false,false,false,false,false,false,false,false,false,false,false],"height":1.4260663608933715},{"image_id":"e4036dde06194ebea30d87431ccafff2","pose":[0.316452,0.0175731,-0.948445,30.9248,0.948582,0.00152799,0.316526,-4.78104,0.00701182,-0.999844,-0.0161849,1.42828,0,0,0,1],"included":true,"visible":[false,true,false,false,false,false,false,false,false,false,true,false,false,false,false,false,false,false,true,false,false,false,false,false,false,false,true,false,true,false,false,false,false,false,false,false,false,false,false,false,false,false,false,false,false,false,false,false,false,false,false,false,false,false,false,false,false,true],"unobstructed":[false,false,false,false,false,false,false,false,false,false,false,false,false,false,false,false,false,false,true,false,false,false,false,false,false,false,true,false,false,false,false,false,false,false,false,false,false,false,false,false,false,false,false,false,false,false,false,false,false,false,false,false,false,false,false,false,false,false],"height":1.428481755426234},{"image_id":"27e6db9c80fc4c9dbc527da0cb955768","pose":[0.0202903,0.0256418,-0.999465,14.1422,0.999793,0.000210247,0.0203027,6.32955,0.000730997,-0.999671,-0.0256312,1.42429,0,0,0,1],"included":true,"visible":[false,false,false,false,false,false,true,false,false,false,false,false,false,false,false,false,false,false,false,false,false,false,false,true,false,true,false,false,false,false,false,false,false,false,false,false,false,false,false,true,false,false,false,false,false,false,false,false,false,false,false,false,false,false,false,false,true,false],"unobstructed":[false,false,false,false,false,false,true,false,false,false,false,false,false,false,false,false,false,false,false,false,false,false,false,false,false,false,false,false,false,false,false,false,false,false,false,false,false,false,false,true,false,false,false,false,false,false,false,false,false,false,false,false,false,false,false,false,true,false],"height":1.4199907565467176},{"image_id":"543e6efcc1e24215b18c4060255a9719","pose":[0.331534,-0.0112688,0.943375,11.8086,-0.943393,-0.014146,0.331372,7.75409,0.00961108,-0.999836,-0.0153198,1.4269,0,0,0,1],"included":true,"visible":[false,false,false,false,false,false,true,false,false,false,false,false,false,false,false,false,false,false,false,false,false,false,false,false,false,false,false,false,false,false,false,false,false,false,true,false,false,false,true,false,false,false,false,false,true,false,false,false,false,true,true,false,false,false,false,false,true,false],"unobstructed":[false,false,false,false,false,false,true,false,false,false,false,false,false,false,false,false,false,false,false,false,false,false,false,false,false,false,false,false,false,false,false,false,false,false,false,false,false,false,true,false,false,false,false,false,false,false,false,false,false,true,false,false,false,false,false,false,true,false],"height":1.4252074466565954},{"image_id":"8c72bf8a785344e493f1fd2b1ca9e1a3","pose":[-0.0589173,-0.0136217,0.99817,29.1003,-0.998234,-0.00676168,-0.0590137,0.807461,0.00755343,-0.999884,-0.0131983,1.42482,0,0,0,1],"included":true,"visible":[false,false,true,false,true,true,false,true,false,false,true,false,false,false,false,false,true,false,false,true,false,false,false,true,false,false,true,true,false,false,true,false,true,true,false,false,false,false,false,false,false,false,true,true,true,true,true,false,false,false,false,false,false,false,false,false,false,false],"unobstructed":[false,false,false,false,false,false,false,false,false,false,true,false,false,false,false,false,false,false,false,true,false,false,false,false,false,false,true,false,false,false,true,false,false,false,false,false,false,false,false,false,false,false,false,false,false,false,false,false,false,false,false,false,false,false,false,false,false,false],"height":1.425022384510208},{"image_id":"8acc5cd5a6dd4da1ae3fc3088ff549c2","pose":[0.0253536,-0.0173912,0.999527,26.6594,-0.999644,-0.00873759,0.0252042,13.7643,0.00829539,-0.99981,-0.0176055,1.44072,0,0,0,1],"included":true,"visible":[false,false,false,false,true,false,false,false,false,true,false,false,true,true,true,true,false,false,false,false,false,false,false,false,true,false,false,true,false,true,false,false,false,false,false,false,true,false,false,false,false,false,false,true,false,false,true,false,true,false,false,false,true,true,false,true,false,false],"unobstructed":[false,false,false,false,true,false,false,false,false,false,false,false,false,false,false,false,false,false,false,false,false,false,false,false,false,false,false,true,false,false,false,false,false,false,false,false,false,false,false,false,false,false,false,false,false,false,true,false,false,false,false,false,false,true,false,false,false,false],"height":1.4256562426060482},{"image_id":"c5d43b5b8ff340929fd1a2347cce88b9","pose":[-0.333404,-0.0170766,0.942629,18.6275,-0.942779,0.00294399,-0.333404,0.123224,0.00291858,-0.999849,-0.01708,1.41983,0,0,0,1],"included":true,"visible":[false,true,true,false,false,false,false,false,false,false,true,false,false,false,false,false,true,true,false,true,false,false,false,true,false,false,false,false,false,false,false,false,false,false,true,false,false,false,false,false,true,false,false,false,true,true,false,true,false,false,true,false,false,false,false,false,false,false],"unobstructed":[false,false,false,false,false,false,false,false,false,false,false,false,false,false,false,false,true,true,false,false,false,false,false,false,false,false,false,false,false,false,false,false,false,false,false,false,false,false,false,false,false,false,false,false,true,false,false,false,false,false,false,false,false,false,false,false,false,false],"height":1.4239247015329162},{"image_id":"3d15cf8b5bd54efd95f7fd3324b61b30","pose":[-0.7096,0.00210012,-0.704601,28.9493,0.704603,0.00213955,-0.709597,15.2154,0.0000175624,-0.999995,-0.00299697,1.43371,0,0,0,1],"included":true,"visible":[false,false,false,false,true,true,false,true,false,false,false,false,false,true,false,false,false,false,false,false,false,false,false,false,false,false,false,true,false,false,true,false,true,true,false,false,false,false,false,false,true,true,false,false,false,false,true,false,false,false,false,false,false,true,false,false,false,false],"unobstructed":[false,false,false,false,false,false,false,false,false,false,false,false,false,false,false,false,false,false,false,false,false,false,false,false,false,false,false,true,false,false,false,false,false,false,false,false,false,false,false,false,false,false,false,false,false,false,true,false,false,false,false,false,false,false,false,false,false,false],"height":1.4292007040919619},{"image_id":"1da885cbeedf485883df716d3944cbf8","pose":[-0.186512,-0.00171665,0.982451,16.3734,-0.982437,-0.0051367,-0.186519,0.14707,0.00536701,-0.999985,-0.00072743,1.42842,0,0,0,1],"included":true,"visible":[false,false,true,false,false,false,false,false,false,false,true,false,false,false,false,false,true,false,false,true,false,false,false,true,false,true,false,false,false,false,false,true,false,false,true,false,false,false,false,true,true,false,true,false,false,true,false,false,false,false,false,false,false,false,false,false,true,false],"unobstructed":[false,false,false,false,false,false,false,false,false,false,false,false,false,false,false,false,false,false,false,false,false,false,false,true,false,false,false,false,false,false,false,false,false,false,false,false,false,false,false,false,false,false,true,false,false,false,false,false,false,false,false,false,false,false,false,false,true,false],"height":1.4265315966756895},{"image_id":"b68bedaea16f407cae5544858d63e086","pose":[0.550548,-0.00868156,0.834758,11.6672,-0.834799,-0.00875927,0.550484,0.445504,0.00253308,-0.999924,-0.0120687,1.4245,0,0,0,1],"included":true,"visible":[false,false,true,false,false,false,true,false,false,false,true,false,false,false,false,false,true,false,false,true,false,false,false,true,false,true,false,false,false,false,false,false,false,false,true,false,false,false,false,false,true,false,true,false,true,false,false,false,false,true,true,false,false,false,false,false,true,false],"unobstructed":[false,false,false,false,false,false,false,false,false,false,false,false,false,false,false,false,false,false,false,false,false,false,false,true,false,false,false,false,false,false,false,false,false,false,true,false,false,false,false,false,false,false,false,false,false,false,false,false,false,true,false,false,false,false,false,false,true,false],"height":1.4188302865843925},{"image_id":"76690117670e40d6aff6ec93a9cbe173","pose":[0.662299,-0.00623476,0.749213,28.423,-0.749191,-0.0167593,0.66214,14.8146,0.0084283,-0.99984,-0.0157697,1.43301,0,0,0,1],"included":true,"visible":[false,false,false,false,true,true,false,true,false,false,false,false,false,true,false,false,false,false,false,false,false,false,false,false,false,false,false,true,false,false,true,false,true,true,false,false,false,false,false,false,true,true,false,true,false,false,false,false,false,false,false,false,false,true,false,false,false,false],"unobstructed":[false,false,false,false,false,false,false,false,false,false,false,false,false,false,false,false,false,false,false,false,false,false,false,false,false,false,false,true,false,false,false,false,false,false,false,false,false,false,false,false,false,true,false,true,false,false,false,false,false,false,false,false,false,true,false,false,false,false],"height":1.4290426094510098},{"image_id":"9ba1bda76e7f4ee680326cbbc8ab147d","pose":[-0.0909305,0.019257,-0.995671,5.54855,0.995737,0.0172319,-0.0906031,2.98856,0.0154129,-0.999666,-0.0207409,1.42932,0,0,0,1],"included":true,"visible":[false,false,false,true,false,false,false,false,true,false,false,false,false,false,false,false,false,false,false,false,false,true,false,false,false,true,false,false,false,false,false,true,false,false,false,false,false,false,false,false,false,false,false,false,false,false,false,false,false,true,true,false,false,false,true,false,true,false],"unobstructed":[false,false,false,true,false,false,false,false,false,false,false,false,false,false,false,false,false,false,false,false,false,true,false,false,false,true,false,false,false,false,false,true,false,false,false,false,false,false,false,false,false,false,false,false,false,false,false,false,false,false,false,false,false,false,false,false,false,false],"height":1.4317985991038793},{"image_id":"59aed460238643f48f593e9b9ba1c17d","pose":[0.0113634,-0.0145463,0.99983,8.38665,-0.999935,-0.000203325,0.0113614,13.7832,0.0000382909,-0.999894,-0.0145467,1.44245,0,0,0,1],"included":true,"visible":[false,false,false,false,false,false,false,false,false,true,false,true,true,true,true,true,false,false,false,false,false,false,false,false,true,false,false,true,false,true,false,false,false,false,false,false,true,false,false,false,false,true,false,false,false,false,false,false,false,false,false,true,true,true,false,true,false,false],"unobstructed":[false,false,false,false,false,false,false,false,false,false,false,false,false,false,false,false,false,false,false,false,false,false,false,false,false,false,false,false,false,true,false,false,false,false,false,false,false,false,false,false,false,false,false,false,false,false,false,false,false,false,false,false,false,false,false,true,false,false],"height":1.420559518689752},{"image_id":"2008e72476f84104858e908beeac0193","pose":[-0.188291,-0.0245027,0.981807,9.57191,-0.982112,0.00562599,-0.18821,3.25952,-0.000911731,-0.999684,-0.0251227,1.43162,0,0,0,1],"included":true,"visible":[false,false,false,true,false,false,true,false,true,false,false,false,false,false,false,false,false,false,false,false,false,true,false,true,false,true,false,false,false,false,false,false,false,false,true,false,false,false,false,true,false,false,true,false,true,true,false,true,false,false,true,false,false,false,true,false,false,false],"unobstructed":[false,false,false,false,false,false,true,false,false,false,false,false,false,false,false,false,false,false,false,false,false,false,false,true,false,false,false,false,false,false,false,false,false,false,true,false,false,false,false,true,false,false,false,false,false,true,false,false,false,false,true,false,false,false,false,false,false,false],"height":1.423999722874612},{"image_id":"8eda0abb2e714080a7a5d15c9d606c25","pose":[-0.0534297,-0.0198767,0.998373,8.44625,-0.998514,-0.00957784,-0.0536282,3.09949,0.0106285,-0.999756,-0.0193344,1.43495,0,0,0,1],"included":true,"visible":[false,false,false,true,false,false,true,false,true,false,false,false,false,false,false,false,false,false,false,false,false,true,false,true,false,true,false,false,false,false,false,false,false,false,true,false,false,false,false,true,false,false,true,false,false,true,false,true,false,true,false,false,false,false,true,false,false,false],"unobstructed":[false,false,false,false,false,false,true,false,false,false,false,false,false,false,false,false,false,false,false,false,false,false,false,false,false,true,false,false,false,false,false,false,false,false,true,false,false,false,false,false,false,false,false,false,false,false,false,false,false,true,false,false,false,false,false,false,false,false],"height":1.4264816329776324},{"image_id":"e5d8e862904a4037bf0d48f3ea557453","pose":[0.995339,-0.00947759,0.0959604,1.97524,-0.0960627,-0.0110427,0.995314,11.1938,-0.00837325,-0.999894,-0.0119007,1.43141,0,0,0,1],"included":true,"visible":[true,false,false,false,false,false,false,false,true,false,false,true,false,false,true,false,false,false,false,false,true,true,true,false,false,false,false,false,false,false,false,true,false,false,false,true,false,false,false,false,false,false,false,false,false,false,false,false,true,false,false,false,true,false,false,true,false,false],"unobstructed":[false,false,false,false,false,false,false,false,false,false,false,true,false,false,false,false,false,false,false,false,true,false,false,false,false,false,false,false,false,false,false,false,false,false,false,false,false,false,false,false,false,false,false,false,false,false,false,false,false,false,false,false,true,false,false,false,false,false],"height":1.4189138023354966},{"image_id":"f8e8f07a9487401f97230d256e54e95c","pose":[-0.0284171,-0.00821478,0.999562,5.22916,-0.999595,0.000914704,-0.0284109,13.7832,-0.000680645,-0.999965,-0.00823645,1.4296,0,0,0,1],"included":true,"visible":[false,false,false,false,false,false,false,false,false,true,false,true,true,true,true,true,false,false,false,false,true,false,false,false,true,false,false,true,false,true,false,false,false,false,false,false,true,false,false,false,false,true,false,false,false,false,false,false,true,false,false,true,false,true,false,true,false,false],"unobstructed":[false,false,false,false,false,false,false,false,false,false,false,true,false,false,true,false,false,false,false,false,false,false,false,false,false,false,false,false,false,false,false,false,false,false,false,false,false,false,false,false,false,false,false,false,false,false,false,false,false,false,false,true,false,false,false,true,false,false],"height":1.4243769747841015},{"image_id":"e0f34035822e46f7b431406cd82ac871","pose":[0.0148354,-0.0319387,0.99938,24.7584,-0.999855,-0.00873948,0.0145629,13.7493,0.0082692,-0.999451,-0.0320628,1.45584,0,0,0,1],"included":true,"visible":[false,false,false,false,true,false,false,false,false,true,false,false,true,true,true,true,false,false,false,false,false,false,false,false,true,false,false,true,false,true,false,false,false,false,false,false,true,false,false,false,false,true,false,true,false,false,true,false,true,false,false,false,true,false,false,true,false,false],"unobstructed":[false,false,false,false,false,false,false,false,false,false,false,false,false,true,false,false,false,false,false,false,false,false,false,false,false,false,false,false,false,false,false,false,false,false,false,false,false,false,false,false,false,true,false,false,false,false,true,false,false,false,false,false,false,false,false,false,false,false],"height":1.4263234222463135},{"image_id":"77149dc9cc4b4f9e9e1da3bd1c5925d5","pose":[0.0761963,0.0216235,-0.996858,3.4191,0.997039,0.00860057,0.0763971,3.18295,0.0102258,-0.999729,-0.0209032,1.42733,0,0,0,1],"included":true,"visible":[false,false,false,true,false,false,false,false,true,false,false,false,false,false,false,false,false,false,false,false,false,true,false,false,false,true,false,false,false,false,false,true,false,false,false,false,false,false,false,false,false,false,false,false,false,false,false,true,false,true,true,false,false,false,false,false,true,false],"unobstructed":[false,false,false,true,false,false,false,false,true,false,false,false,false,false,false,false,false,false,false,false,false,true,false,false,false,false,false,false,false,false,false,true,false,false,false,false,false,false,false,false,false,false,false,false,false,false,false,false,false,false,false,false,false,false,false,false,false,false],"height":1.4280637997523202},{"image_id":"351a7e4b95bb4cf3b7696b0ac7b9f768","pose":[-0.00932217,-0.00451728,0.999946,6.83024,-0.999952,0.00293038,-0.0093093,13.767,-0.00288789,-0.999985,-0.00454337,1.44499,0,0,0,1],"included":true,"visible":[false,false,false,false,false,false,false,false,false,true,false,true,true,true,true,true,false,false,false,false,false,false,false,false,true,false,false,true,false,true,false,false,false,false,false,false,true,false,false,false,false,true,false,false,false,false,false,false,true,false,false,true,true,true,false,false,false,false],"unobstructed":[false,false,false,false,false,false,false,false,false,false,false,true,false,false,false,false,false,false,false,false,false,false,false,false,false,false,false,false,false,false,false,false,false,false,false,false,false,false,false,false,false,false,false,false,false,false,false,false,true,false,false,false,true,false,false,false,false,false],"height":1.423037948168589},{"image_id":"d9913cc77dc14f17b7228ac8de469b06","pose":[0.0777571,0.0185437,-0.996799,14.1529,0.996969,-0.00351104,0.0777055,3.46728,-0.00205859,-0.999822,-0.0187595,1.42915,0,0,0,1],"included":true,"visible":[false,false,false,true,false,false,false,false,true,false,false,false,false,false,false,false,false,false,false,false,false,false,false,true,false,true,false,false,false,false,false,false,false,false,false,false,false,false,true,true,false,false,false,false,true,true,false,true,false,false,true,false,false,false,true,false,false,false],"unobstructed":[false,false,false,false,false,false,false,false,false,false,false,false,false,false,false,false,false,false,false,false,false,false,false,true,false,false,false,false,false,false,false,false,false,false,false,false,false,false,true,true,false,false,false,false,true,true,false,false,false,false,false,false,false,false,false,false,false,false],"height":1.4305763612915905},{"image_id":"89498b7440a54033b6b1b6ed8d9ec03a","pose":[-0.00880522,0.0203649,-0.999754,25.8266,0.99996,0.00124389,-0.00878141,-5.03653,0.00106502,-0.999791,-0.0203741,1.42146,0,0,0,1],"included":true,"visible":[false,true,false,false,false,false,false,false,false,false,false,false,false,false,false,false,false,false,true,false,false,false,false,false,false,false,false,false,true,false,false,false,false,false,false,false,false,true,false,false,false,false,false,false,false,false,false,false,false,false,false,false,false,false,false,false,false,false],"unobstructed":[false,false,false,false,false,false,false,false,false,false,false,false,false,false,false,false,false,false,true,false,false,false,false,false,false,false,false,false,true,false,false,false,false,false,false,false,false,false,false,false,false,false,false,false,false,false,false,false,false,false,false,false,false,false,false,false,false,false],"height":1.4268319031367909}]