[{"image_id":"718e7b8d4f63458d951d734b777c4562","pose":[0.483804,0.0245291,-0.874832,19.8847,0.87483,0.0145286,0.484211,-0.555974,0.0245876,-0.999593,-0.0144288,1.2958,0,0,0,1],"included":true,"visible":[false,false,true,false,false,true,false,true,false,false,true,true,true,false,false,false,true,false,false,false,true,false,false,false,true,true,false,false,true,true,false,true,true,true,true,false,false,false,false,false,true,false,true,true,false,false,false,true,false,false,true,false,false,false,true,false,false,true,true,false,false,true,false,false,true,false,true,false,false,false,true,false,false,false,true,true,false],"unobstructed":[false,false,false,false,false,false,false,false,false,false,false,false,false,false,false,false,true,false,false,false,false,false,false,false,false,false,false,false,false,false,false,false,false,true,false,false,false,false,false,false,false,false,false,false,false,false,false,false,false,false,false,false,false,false,false,false,false,false,true,false,false,true,false,false,false,false,false,false,false,false,false,false,false,false,true,true,false],"height":1.2989781231540685},{"image_id":"6b5b3af64da14b31bd71ce752c5be0e2","pose":[0.318857,-0.0116335,0.947731,13.654,-0.947746,-0.0148463,0.31868,-3.04609,0.0103632,-0.999822,-0.0157584,1.46438,0,0,0,1],"included":true,"visible":[false,false,false,true,false,true,false,false,false,false,false,false,false,false,true,false,false,false,false,false,false,false,false,false,true,false,false,false,false,false,false,false,false,false,true,false,false,false,true,false,false,false,false,false,false,false,false,false,false,false,false,false,true,false,false,true,false,false,true,false,false,true,false,true,false,false,true,false,false,false,false,false,false,false,false,true,false],"unobstructed":[false,false,false,true,false,false,false,false,false,false,true,false,false,false,false,false,false,false,false,false,false,false,false,false,false,false,false,false,false,false,false,false,false,false,false,false,false,false,false,false,false,false,false,false,false,false,false,false,false,false,false,false,false,false,false,false,false,false,false,false,false,false,false,false,false,false,false,false,false,false,false,false,false,false,false,false,false],"height":1.4546801320655491},{"image_id":"caada625c5b4460da34bd695539db791","pose":[0.144599,-0.0243642,0.98919,17.0566,-0.989489,-0.00353837,0.144555,0.155328,-0.0000215857,-0.999696,-0.0246188,1.48291,0,0,0,1],"included":true,"visible":[true,false,false,true,false,false,false,true,false,false,true,true,false,false,false,false,false,false,false,false,true,true,false,false,true,true,false,false,true,true,false,true,true,true,true,false,false,false,true,false,true,false,true,false,false,false,false,false,true,false,false,false,true,false,true,false,false,true,true,false,false,true,false,false,false,false,true,false,false,true,true,false,true,false,false,true,false],"unobstructed":[false,false,false,false,false,false,false,false,false,false,false,false,false,false,false,false,false,false,false,false,false,false,false,false,false,false,false,false,false,false,false,true,false,true,false,false,false,false,false,false,false,false,false,false,false,false,false,false,true,false,false,false,true,false,false,false,false,false,true,false,false,true,false,false,false,false,true,false,false,false,false,false,false,false,false,true,false],"height":1.4703178498523513},{"image_id":"456873879af44c6a90ca9b2c9dcbb0f0","pose":[0.152387,-0.0130688,0.988234,12.3785,-0.988295,-0.00914651,0.152275,-1.41766,0.00704912,-0.999872,-0.0143086,1.47731,0,0,0,1],"included":true,"visible":[true,true,true,false,false,true,true,true,false,true,true,false,true,false,true,false,false,false,false,false,false,false,false,true,true,false,false,false,false,false,false,true,true,false,true,false,false,false,false,false,false,true,true,false,false,false,false,false,false,false,false,false,true,true,false,false,false,false,true,false,false,true,false,true,false,true,false,false,false,false,true,false,false,false,false,true,false],"unobstructed":[false,true,false,false,false,false,false,false,false,false,true,false,false,false,false,false,false,false,false,false,false,false,false,true,true,false,false,false,false,false,false,true,false,false,false,false,false,false,false,false,false,false,false,false,false,false,false,false,false,false,false,false,false,false,false,false,false,false,false,false,false,false,false,false,false,false,false,false,false,false,true,false,false,false,false,false,false],"height":1.4691449093081177},{"image_id":"7ab6ad5c2ece4bce86a867aba2814e31","pose":[0.905791,0.00856358,-0.423636,16.4508,0.423694,-0.00673088,0.90578,6.27061,0.00490555,-0.99994,-0.00972411,1.47027,0,0,0,1],"included":true,"visible":[true,false,false,false,false,false,false,false,false,false,false,false,false,false,false,false,false,false,false,false,false,false,false,false,false,false,false,false,false,false,false,false,false,false,false,false,false,false,false,false,false,false,false,true,false,false,false,true,false,false,false,false,false,false,false,false,false,false,true,false,false,false,false,false,false,false,true,false,false,false,false,false,false,false,false,true,false],"unobstructed":[false,false,false,false,false,false,false,false,false,false,false,false,false,false,false,false,false,false,false,false,false,false,false,false,false,false,false,false,false,false,false,false,false,false,false,false,false,false,false,false,false,false,false,true,false,false,false,false,false,false,false,false,false,false,true,false,false,false,false,false,false,false,false,false,false,false,false,false,false,false,false,false,false,false,false,false,false],"height":1.4625893725099304},{"image_id":"c21d4e9381cf4021a3204795831464c3","pose":[-0.666403,-0.0141894,0.745456,14.0445,-0.74554,0.00102433,-0.666459,1.74689,0.0086933,-0.999898,-0.0112603,1.48248,0,0,0,1],"included":true,"visible":[true,false,false,true,false,false,false,true,false,true,true,false,false,false,true,false,false,false,false,false,false,false,false,true,true,true,false,false,true,true,false,true,false,true,false,false,true,false,false,false,true,true,false,false,false,true,false,false,false,false,false,false,false,false,false,false,false,true,false,false,false,false,true,false,false,false,false,false,false,true,true,false,false,false,false,true,false],"unobstructed":[false,false,false,false,false,false,false,false,false,false,true,false,false,false,false,false,false,false,false,false,false,false,false,false,true,false,false,false,false,false,false,true,false,false,false,false,false,false,false,false,false,false,false,false,false,true,false,false,false,false,false,false,false,false,false,false,false,false,false,false,false,false,false,false,false,false,false,false,false,false,false,false,false,false,false,false,false],"height":1.4675144631814072},{"image_id":"85541431cbaf4053af5fde8bcebc4d92","pose":[-0.988983,-0.0274112,-0.145465,0.737783,0.145403,0.004242,-0.989363,-2.69106,0.027737,-0.999615,-0.000208557,1.44965,0,0,0,1],"included":true,"visible":[false,false,false,false,false,true,false,false,true,false,true,false,true,false,true,false,false,true,false,true,true,false,false,false,false,false,false,false,false,false,false,true,false,false,false,false,false,true,true,false,false,true,false,false,false,false,false,false,true,false,false,false,true,false,false,false,false,false,true,false,false,true,false,true,false,true,true,false,false,true,false,false,false,true,false,false,false],"unobstructed":[false,false,false,false,false,false,false,false,false,false,false,false,false,false,false,false,false,false,false,false,true,false,false,false,false,false,false,false,false,false,false,false,false,false,false,false,false,false,true,false,false,false,false,false,false,false,false,false,false,false,false,false,false,false,false,false,false,false,false,false,false,false,false,false,false,true,false,false,false,true,false,false,false,false,false,false,false],"height":1.4683054456383702},{"image_id":"114842471cc14a44b2f284c943281413","pose":[-0.959873,-0.00360514,-0.280408,5.89026,0.280227,0.0258205,-0.959586,0.465997,0.0107,-0.99966,-0.0237731,1.46695,0,0,0,1],"included":true,"visible":[true,false,true,false,false,false,false,false,false,false,true,false,false,false,false,false,false,false,false,true,true,false,false,true,true,false,false,false,true,true,false,true,false,true,true,false,false,true,true,false,false,false,true,false,false,false,false,false,false,false,false,false,false,false,false,true,false,false,true,false,true,true,false,false,false,true,false,false,false,true,true,false,false,false,false,true,false],"unobstructed":[false,false,false,false,false,false,false,false,false,false,false,false,false,false,false,false,false,false,false,true,false,false,false,false,false,false,false,false,false,true,false,false,false,false,true,false,false,false,false,false,false,false,true,false,false,false,false,false,false,false,false,false,false,false,false,false,false,false,false,false,false,false,false,false,false,true,false,false,false,false,false,false,false,false,false,false,false],"height":1.4604087146877986},{"image_id":"cc7528acf922480cb0a9169d4e539e70","pose":[-0.95286,-0.00330994,-0.303389,8.1557,0.303205,0.026073,-0.952568,7.7144,0.0110635,-0.999654,-0.0238393,1.49181,0,0,0,1],"included":true,"visible":[false,false,false,false,false,false,false,true,false,true,false,false,false,false,false,false,false,false,false,true,false,false,false,false,false,false,false,false,false,false,false,false,false,false,false,true,false,false,false,false,false,false,true,false,false,false,false,false,false,false,false,false,false,false,false,true,true,false,false,false,true,false,false,true,false,false,false,false,false,false,false,true,false,false,false,false,false],"unobstructed":[false,false,false,false,false,false,false,false,false,false,false,false,false,false,false,false,false,false,false,false,false,false,false,false,false,false,false,false,false,false,false,false,false,false,false,false,false,false,false,false,false,false,false,false,false,false,false,false,false,false,false,false,false,false,false,true,false,false,false,false,true,false,false,true,false,false,false,false,false,false,false,true,false,false,false,false,false],"height":1.4778796294008798},{"image_id":"5a158ce64e934236af9dccbecec6e16b","pose":[-0.13325,0.0111107,-0.99102,8.16133,0.990913,0.0199278,-0.133013,-1.5724,0.0182712,-0.999739,-0.0136641,1.45789,0,0,0,1],"included":true,"visible":[false,false,true,false,false,true,true,false,true,false,false,false,true,false,false,false,false,false,false,true,true,false,false,true,true,false,false,false,false,false,false,true,false,false,true,true,false,true,false,true,false,true,true,false,false,false,false,false,false,true,false,false,true,true,false,false,false,false,true,false,false,false,false,true,false,true,true,false,false,true,true,false,false,false,false,true,false],"unobstructed":[false,false,false,false,false,false,false,false,false,false,false,false,true,false,false,false,false,false,false,true,false,false,false,false,true,false,false,false,false,false,false,false,false,false,true,false,false,false,false,false,false,true,true,false,false,false,false,false,false,false,false,false,false,false,false,false,false,false,false,false,false,false,false,false,false,false,false,false,false,false,true,false,false,false,false,false,false],"height":1.4619228324887794},{"image_id":"60e9c84ab617491594f5c2950cc6f3ee","pose":[0.369345,-0.00446928,0.929282,13.1182,-0.929278,-0.00728816,0.369308,-0.0576188,0.00512248,-0.999963,-0.00684404,1.47481,0,0,0,1],"included":true,"visible":[true,false,true,true,false,true,false,true,false,false,false,false,true,false,true,false,false,false,false,false,true,false,false,false,true,true,false,false,true,true,false,true,true,true,false,false,false,false,false,false,true,true,true,false,false,false,false,false,false,false,false,false,true,true,false,true,false,false,false,false,false,false,false,true,false,false,false,false,false,false,true,false,false,false,false,true,false],"unobstructed":[false,true,false,true,false,true,false,false,false,false,false,false,false,false,false,false,false,false,false,false,false,false,false,false,true,false,false,false,false,false,false,true,false,true,false,false,false,false,false,false,false,false,false,false,false,true,false,false,false,false,false,false,false,true,false,false,false,false,false,false,false,false,false,false,false,false,false,false,false,false,false,false,false,false,false,false,false],"height":1.4608041540783863},{"image_id":"7b99836e3e0045f2b5cc212e8181914b","pose":[0.86622,0.00229865,0.499657,22.0255,-0.499599,-0.0118009,0.866176,-1.55223,0.00788768,-0.999927,-0.00907274,0.587672,0,0,0,1],"included":true,"visible":[true,false,true,false,false,false,false,false,false,false,true,false,false,false,false,false,true,false,false,false,false,false,false,false,true,true,true,true,false,false,false,true,false,false,true,false,false,false,false,false,true,false,false,false,false,true,true,true,false,false,true,false,false,true,false,false,false,true,false,false,false,false,false,false,true,false,false,true,false,false,false,false,true,false,true,true,true],"unobstructed":[false,false,false,false,false,false,false,false,false,false,false,false,false,false,false,false,true,false,false,false,false,false,false,false,false,false,true,true,false,false,true,false,false,false,false,false,false,false,false,false,true,false,false,false,false,false,true,true,false,false,false,false,false,false,false,false,false,false,false,false,false,false,false,false,true,false,false,true,false,false,false,false,false,false,false,false,false],"height":1.4601725327086321},{"image_id":"adbe4f1c6ccd4dfbb3752685700e412a","pose":[-0.987908,-0.0162219,0.154181,4.38677,-0.154501,0.0207915,-0.987773,-2.85709,0.0128182,-0.999652,-0.0230454,1.45977,0,0,0,1],"included":true,"visible":[false,false,false,false,false,true,true,false,true,true,true,false,false,false,true,false,false,false,false,true,true,false,false,false,true,false,false,false,true,true,false,false,true,false,false,false,false,true,false,false,false,true,false,false,false,false,false,false,true,false,false,false,true,true,false,false,false,false,true,true,false,false,false,false,false,true,true,false,false,false,false,false,false,true,false,false,false],"unobstructed":[false,false,false,false,false,false,false,false,false,true,false,false,false,false,false,false,false,false,false,false,false,false,false,false,false,false,false,false,false,true,false,false,true,false,false,false,false,false,false,false,false,true,false,false,false,false,false,false,false,false,false,false,false,false,false,false,false,false,false,false,false,false,false,false,false,true,false,false,false,false,false,false,false,false,false,false,false],"height":1.4684256012679715},{"image_id":"fc54060df0b540cca6c490e2524ee4e3","pose":[-0.121407,0.0147795,-0.992492,12.3897,0.99258,0.00840783,-0.121292,7.00253,0.00655234,-0.999855,-0.0156896,1.47006,0,0,0,1],"included":true,"visible":[false,false,false,false,false,false,false,false,false,false,false,false,false,false,false,false,false,false,false,false,false,false,true,false,false,false,false,false,false,false,false,false,false,false,false,true,false,false,false,false,false,false,false,false,false,false,false,false,false,false,false,false,true,false,false,false,true,false,false,false,false,false,false,false,false,false,false,false,false,false,false,true,false,false,false,false,false],"unobstructed":[false,false,false,false,false,false,false,false,false,false,false,false,false,false,false,true,false,false,false,false,false,false,true,false,false,false,false,false,false,false,false,false,false,false,false,true,false,false,false,false,false,false,false,false,false,false,false,false,false,false,false,false,false,false,false,false,true,false,false,false,false,false,false,false,false,false,false,false,false,false,false,false,false,false,false,false,false],"height":1.4605885384141795},{"image_id":"2b8074f44cbb43e0949091be7cc1a7b1","pose":[-0.939985,-0.00429779,-0.341188,6.55144,0.340899,0.0311293,-0.939584,3.55402,0.0146593,-0.999506,-0.027795,1.48593,0,0,0,1],"included":true,"visible":[true,true,false,true,false,false,true,false,true,true,true,false,false,false,false,false,false,false,false,true,false,false,false,false,true,false,false,false,false,false,false,false,true,true,true,false,false,false,true,false,false,false,false,false,false,false,false,false,false,false,false,false,false,false,false,true,false,true,false,false,false,false,false,true,false,true,false,false,false,false,true,false,true,true,false,true,false],"unobstructed":[false,false,false,false,false,false,false,false,false,false,false,false,false,false,false,false,false,false,false,false,false,false,false,false,false,false,false,false,false,false,false,false,false,false,false,false,false,false,false,false,false,false,false,false,false,false,false,false,false,false,false,false,false,false,false,true,false,false,false,false,false,false,false,true,false,false,false,false,false,false,true,false,true,false,false,false,false],"height":1.466734592413665},{"image_id":"1223ee164fc040c0bd13c366f7a22059","pose":[-0.963514,-0.0158159,0.267188,14.0351,-0.26724,0.00118439,-0.963629,4.53274,0.0149245,-0.999874,-0.00536682,1.47176,0,0,0,1],"included":true,"visible":[false,false,false,false,false,false,false,false,false,false,false,false,false,true,false,false,false,false,false,false,false,false,true,false,false,false,false,false,false,false,false,false,false,false,false,false,false,false,false,false,false,false,false,false,false,false,false,false,false,false,false,false,false,false,true,false,false,false,false,false,false,false,false,false,false,false,false,false,false,false,false,false,false,false,false,false,false],"unobstructed":[false,false,false,false,false,false,false,false,false,false,false,false,false,true,false,false,false,false,false,false,false,false,true,false,false,false,false,false,false,false,false,false,false,false,false,false,false,false,false,false,false,false,false,false,false,false,false,false,false,false,false,false,false,false,true,false,false,false,false,false,false,false,false,false,false,false,false,false,false,false,false,false,false,false,false,false,false],"height":1.4583148930889607},{"image_id":"8ae0426af8824849ba75a6147325c30c","pose":[0.458393,0.00111144,-0.888748,20.9101,0.888704,0.00938769,0.458383,-0.975139,0.00885303,-0.999955,0.00331653,0.841588,0,0,0,1],"included":true,"visible":[true,false,true,false,false,true,false,true,false,false,true,true,false,false,false,false,false,false,false,false,true,false,false,false,true,true,true,true,true,true,true,true,false,false,true,false,false,true,false,false,true,false,true,false,false,true,true,false,false,false,true,false,false,true,false,false,false,true,true,false,false,false,false,false,true,false,false,false,false,true,true,false,false,false,true,true,true],"unobstructed":[true,false,false,false,false,false,false,false,false,false,false,true,false,false,false,false,false,false,false,false,false,false,false,false,false,false,true,true,false,false,true,false,false,false,false,false,false,false,false,false,false,false,false,false,false,false,true,false,false,false,false,false,false,false,false,false,false,false,true,false,false,false,false,false,true,false,false,false,false,false,false,false,false,false,true,false,true],"height":1.545844389122028},{"image_id":"9ec67b93aa244cdcaf3f6cfb4572300a","pose":[0.0632733,0.0151903,-0.99788,1.36096,0.997064,0.0422148,0.0638645,4.01253,0.0430957,-0.998993,-0.0124736,1.46507,0,0,0,1],"included":true,"visible":[false,false,false,true,false,false,true,false,false,false,false,false,true,false,false,false,false,false,false,true,true,false,false,true,false,false,false,false,true,false,false,true,true,true,false,false,false,false,true,false,false,false,false,false,false,false,false,false,true,false,false,false,false,false,false,false,false,false,false,false,false,false,false,false,false,true,false,false,false,true,false,false,true,true,false,false,false],"unobstructed":[false,false,false,false,false,false,false,false,false,false,false,false,false,false,false,false,false,false,false,false,false,false,false,false,false,false,false,false,true,false,false,false,false,false,false,false,false,false,false,false,false,false,false,false,false,false,false,false,false,false,false,false,false,false,false,false,false,false,false,false,false,false,false,false,false,false,false,false,false,false,false,false,true,true,false,false,false],"height":1.4722830276658558},{"image_id":"e8bc16aba1c747abb860a4f5ad106142","pose":[0.382658,0.0185435,-0.923703,22.0292,0.923885,-0.00453161,0.382643,-7.36627,0.00290993,-0.999817,-0.0188651,0.604529,0,0,0,1],"included":true,"visible":[false,false,false,false,false,false,false,false,false,false,false,true,false,false,false,false,false,false,false,false,false,false,false,false,false,false,false,true,false,false,false,false,false,false,false,false,false,false,false,false,true,false,false,false,false,false,true,true,false,false,true,false,false,false,false,false,false,false,false,false,false,false,false,false,true,false,false,false,false,false,false,false,false,false,true,false,true],"unobstructed":[false,false,false,false,false,false,false,false,false,false,false,false,false,false,false,false,false,false,false,false,false,false,false,false,false,false,false,false,false,false,false,false,false,false,false,false,false,false,false,false,false,false,false,false,false,false,false,true,false,false,true,false,false,false,false,false,false,false,false,false,false,false,false,false,false,false,false,false,false,false,false,false,false,false,false,false,false],"height":1.470052625770306},{"image_id":"9c90566989cb4f9f80b711d1a9876e1a","pose":[0.685405,-0.00184636,0.72816,9.39799,-0.728087,-0.0160385,0.685296,-1.84525,0.0104135,-0.999869,-0.0123362,1.46357,0,0,0,1],"included":true,"visible":[false,true,true,false,false,true,true,false,false,true,false,false,true,false,true,false,false,false,false,false,true,false,false,true,false,false,false,false,false,false,false,true,false,false,true,true,false,false,false,true,false,true,true,false,false,false,false,false,false,true,false,false,true,true,false,false,false,false,true,false,false,false,false,true,false,true,false,false,false,false,true,false,false,false,false,true,false],"unobstructed":[false,false,false,false,false,false,false,true,false,true,false,false,false,false,false,false,false,false,false,false,false,false,false,true,false,false,false,false,false,false,false,false,false,false,false,false,false,false,false,false,false,true,true,false,false,false,false,false,false,false,false,false,false,false,false,false,false,false,false,false,false,false,false,true,false,false,false,false,false,false,true,false,false,false,false,false,false],"height":1.4654728035826794},{"image_id":"ca6802bef7144bad9d5d1924dada9d9e","pose":[0.477704,0.00765615,-0.878487,-1.12588,0.878504,0.00186991,0.47773,0.799884,0.00530054,-0.999969,-0.00583168,1.43753,0,0,0,1],"included":true,"visible":[true,false,true,false,false,false,true,true,false,true,true,false,false,false,true,false,false,true,false,false,false,false,false,false,true,false,false,false,true,true,false,true,true,false,false,false,false,false,true,false,false,true,true,false,false,false,false,false,true,false,false,false,false,false,false,false,false,false,false,false,false,false,false,false,false,false,false,false,false,true,true,false,false,false,false,true,false],"unobstructed":[false,false,false,false,false,false,true,false,false,false,false,false,false,false,false,false,false,false,false,false,false,false,false,false,false,false,false,false,true,false,false,false,false,false,false,false,false,false,true,false,false,false,false,false,false,false,false,false,false,false,false,false,false,false,false,false,false,false,false,false,false,false,false,false,false,false,false,false,false,true,false,false,false,false,false,false,false],"height":1.4681295652720232},{"image_id":"1f701e524a6d48abbfdf40cd288cf1dd","pose":[-0.303023,-0.0183121,0.952807,19.462,-0.95296,-0.000965021,-0.303091,4.49048,0.00646996,-0.999831,-0.0171572,1.47166,0,0,0,1],"included":true,"visible":[false,false,true,false,false,false,false,false,false,false,false,false,false,false,false,false,false,false,false,false,false,false,false,false,false,false,false,false,false,false,false,false,false,true,false,false,false,false,false,false,false,false,false,false,false,false,false,false,false,false,false,false,true,false,false,false,false,false,true,false,false,true,false,false,false,true,false,false,false,false,false,false,false,false,false,true,false],"unobstructed":[false,false,false,false,false,false,false,false,false,false,false,false,false,false,false,false,false,false,false,false,false,false,false,false,false,false,false,false,false,false,false,false,false,false,false,false,false,false,false,false,false,false,false,false,false,false,false,false,false,false,false,true,true,false,false,false,false,false,true,false,false,true,false,false,false,false,false,false,false,false,false,false,false,false,false,false,false],"height":1.4665475934092882},{"image_id":"c9c7e587898246c7a7af4d66b624c17e","pose":[-0.281727,0.00685141,-0.95947,12.5015,0.95944,0.0126275,-0.281628,5.43972,0.0101864,-0.999896,-0.01013,1.47264,0,0,0,1],"included":true,"visible":[false,false,false,false,false,false,false,false,false,false,false,false,false,true,false,false,false,false,false,false,false,false,false,false,false,false,false,false,false,false,false,false,false,false,false,false,false,false,false,false,false,false,false,false,false,false,false,false,false,false,false,false,false,false,false,false,true,false,false,false,false,false,false,false,false,false,false,false,false,false,false,false,false,false,false,false,false],"unobstructed":[false,false,false,false,false,false,false,false,false,false,false,false,false,true,false,true,false,false,false,false,false,false,false,false,false,false,false,false,false,false,false,false,false,false,false,false,false,false,false,false,false,false,false,true,false,false,false,false,false,false,false,false,false,false,false,false,false,false,false,false,false,false,false,false,false,false,false,false,false,false,false,false,false,false,false,false,false],"height":1.4615510575662853},{"image_id":"cff2c62e83724edda036bbe481bf181b","pose":[0.828367,0.019748,-0.559836,10.8991,0.559932,0.000757806,0.828538,-2.45861,0.0167865,-0.999804,-0.0104288,1.46633,0,0,0,1],"included":true,"visible":[false,false,false,true,false,true,true,false,false,true,true,false,true,false,true,false,false,false,false,true,false,false,false,false,false,false,false,false,false,true,false,false,false,false,true,false,false,false,false,false,false,true,true,false,false,false,false,false,false,true,false,false,true,true,false,false,false,false,true,true,true,true,false,true,false,true,false,false,false,false,false,false,false,false,false,false,false],"unobstructed":[false,false,false,true,false,false,false,false,false,false,false,false,false,false,false,false,false,false,false,true,false,false,false,false,false,false,false,false,false,false,false,false,false,false,false,false,false,false,false,false,false,true,true,false,false,false,false,false,false,false,false,false,false,false,false,false,false,false,false,false,false,false,false,false,false,false,false,false,false,false,false,false,false,false,false,false,false],"height":1.4647597510324917},{"image_id":"334f156071b34579ae4772f623b03429","pose":[0.228253,0.00411012,0.973593,11.2889,-0.973601,0.0000012219,0.228255,0.144511,0.000937236,-0.999991,0.00400291,1.47509,0,0,0,1],"included":true,"visible":[true,true,true,true,false,true,false,true,false,true,true,false,false,false,true,false,false,false,false,false,true,false,false,false,false,true,false,false,true,true,false,true,true,true,true,true,false,false,false,true,false,true,true,false,false,false,false,false,false,false,false,false,false,true,false,true,false,false,false,false,false,false,false,true,false,false,false,false,false,true,true,false,false,false,false,true,false],"unobstructed":[false,false,false,true,false,true,false,false,false,true,true,false,false,false,false,false,false,false,false,false,false,false,false,false,false,false,false,false,false,false,false,false,false,false,true,false,false,false,false,false,false,false,true,false,false,false,false,false,false,false,false,false,false,false,false,false,false,false,false,false,false,false,false,false,false,false,false,false,false,false,true,false,false,false,false,false,false],"height":1.4632955581474523},{"image_id":"44e14ff2fcd34fa9a93265e53dc53b52","pose":[0.329671,-0.0117695,0.944022,25.4218,-0.943887,-0.0251152,0.32931,-2.02371,0.0198338,-0.999615,-0.0193878,0.58494,0,0,0,1],"included":true,"visible":[true,false,true,false,false,false,false,false,false,false,true,true,false,false,false,false,true,false,false,false,false,false,false,false,true,false,true,false,false,false,false,true,false,false,true,false,false,false,false,false,true,false,false,false,false,false,false,true,false,false,false,true,false,false,false,false,false,true,false,false,false,true,false,true,true,false,false,false,false,false,false,false,false,false,true,true,false],"unobstructed":[false,false,false,false,false,false,false,false,false,false,false,false,false,false,false,false,false,false,false,false,false,false,false,false,false,false,true,false,false,false,false,false,false,false,false,false,false,false,false,false,true,false,false,false,true,false,false,false,false,false,false,false,false,false,false,false,false,true,false,false,false,false,false,false,true,false,false,false,false,false,false,false,false,false,false,false,false],"height":1.4566783971985333},{"image_id":"6e31c6927a6948a7a32918d626028b8d","pose":[-0.33013,-0.0131239,0.943844,20.9783,-0.943935,0.00473961,-0.330096,-3.79152,-0.000141015,-0.999902,-0.0139518,0.585379,0,0,0,1],"included":true,"visible":[false,false,false,false,false,false,false,false,false,false,false,true,false,false,false,false,true,false,false,false,false,false,false,false,false,true,false,false,false,false,false,false,false,false,false,false,false,false,false,false,true,false,false,false,false,false,false,true,false,false,true,false,false,false,false,false,false,false,false,false,false,false,false,false,true,false,false,true,false,false,false,false,false,false,false,false,false],"unobstructed":[false,false,false,false,false,false,false,false,false,false,false,true,false,false,false,false,true,false,false,false,false,false,false,false,false,true,false,false,false,false,false,false,false,false,false,false,false,false,false,false,true,false,false,false,false,false,false,true,false,false,false,false,false,false,false,false,false,false,false,false,false,false,false,false,true,false,false,false,false,false,false,false,false,false,false,false,false],"height":1.4567875746346237},{"image_id":"2f4d90acd4024c269fb0efe49a8ac540","pose":[-0.383855,-0.00279133,-0.923389,22.2412,0.923364,0.00666642,-0.383865,0.0620345,0.00722746,-0.999973,0.0000194917,0.601287,0,0,0,1],"included":true,"visible":[false,false,false,false,false,false,false,false,false,false,false,true,false,false,false,false,true,false,false,false,false,false,false,false,false,false,false,false,false,false,true,false,false,false,false,false,false,false,false,false,false,false,false,false,false,false,true,true,false,false,true,true,false,false,false,false,false,false,false,false,false,true,false,false,true,false,false,true,false,false,false,false,false,false,true,false,true],"unobstructed":[false,false,false,false,false,false,false,false,false,false,false,true,false,false,false,false,true,false,false,false,false,false,false,false,false,false,false,false,false,false,true,false,false,false,false,false,false,false,false,false,false,false,false,false,false,false,true,false,false,false,false,true,false,false,false,false,false,false,false,false,false,false,false,false,true,false,false,true,false,false,false,false,false,false,true,false,true],"height":1.4677272346001975},{"image_id":"2ed7a969a2d94eeb992c4f49d59cf0d7","pose":[-0.0581752,0.00277271,-0.998302,2.03204,0.998073,0.0217487,-0.0581012,0.288012,0.0215509,-0.999759,-0.00403158,1.456,0,0,0,1],"included":true,"visible":[true,false,true,false,false,false,false,true,true,false,true,false,true,false,false,false,false,true,false,false,true,false,false,false,true,false,false,false,false,true,false,true,true,false,true,false,false,false,true,false,false,false,true,false,false,false,false,false,false,false,false,false,true,false,false,false,false,false,false,true,true,false,false,false,false,false,false,false,false,true,true,false,false,true,false,true,false],"unobstructed":[false,false,false,false,false,false,false,false,false,false,false,false,false,false,false,false,false,true,false,false,true,false,false,false,false,false,false,false,false,true,false,false,true,false,false,false,false,false,true,false,false,false,false,false,false,false,false,false,false,false,false,false,false,false,false,false,false,false,false,true,false,false,false,false,false,false,false,false,false,true,false,false,false,true,false,false,false],"height":1.4614050541941186},{"image_id":"a25a1fe848e044a99a0033878cd108bb","pose":[-0.986322,-0.00447256,-0.164764,3.91344,0.164604,0.0249158,-0.986045,0.525612,0.00851564,-0.999679,-0.0238378,1.45693,0,0,0,1],"included":true,"visible":[true,false,true,false,false,false,false,true,false,false,true,false,true,false,false,false,false,true,false,false,true,false,false,true,true,false,false,false,true,false,false,true,true,true,true,false,false,false,true,false,false,false,true,false,false,false,false,false,false,false,false,false,false,false,false,true,false,false,false,true,true,false,false,false,false,true,false,false,false,true,true,false,false,false,false,true,false],"unobstructed":[false,false,false,false,false,false,false,true,false,false,false,false,true,false,false,false,false,false,false,false,false,false,false,false,false,false,false,false,true,false,false,false,true,false,false,false,false,false,false,false,false,false,false,false,false,false,false,false,false,false,false,false,false,false,false,false,false,false,false,false,false,false,false,false,false,false,false,false,false,false,false,false,false,false,false,false,false],"height":1.4687579817774354},{"image_id":"2fd10d37b87f46d6b4e0501aac549c6f","pose":[0.899748,0.00912435,-0.436313,23.2096,0.436294,0.00415124,0.899794,1.51175,0.0100216,-0.999949,-0.000244812,0.599335,0,0,0,1],"included":true,"visible":[false,false,false,false,false,true,false,false,false,false,false,true,false,false,false,false,true,false,true,false,false,false,false,false,true,false,true,false,true,true,false,false,true,false,false,false,true,true,false,false,false,false,true,false,false,true,true,true,false,false,true,true,true,true,false,false,false,false,true,false,false,false,true,true,false,false,false,true,false,true,true,false,false,false,false,false,true],"unobstructed":[false,false,false,false,false,false,false,false,false,false,false,true,false,false,false,false,true,false,false,false,false,false,false,false,false,false,false,true,false,false,false,false,false,false,false,false,false,false,false,false,false,false,false,false,false,false,false,false,false,false,false,false,false,false,false,false,false,false,false,false,false,false,true,false,false,false,false,false,false,false,false,false,false,false,false,false,true],"height":1.4630083640829883},{"image_id":"77b24e884d9f47599994c1ade95f0b89","pose":[-0.141365,-0.0205547,0.989744,15.1717,-0.989954,0.00505311,-0.14129,0.00226349,-0.00209683,-0.999776,-0.0210616,1.46932,0,0,0,1],"included":true,"visible":[true,false,true,true,true,true,false,true,false,false,true,false,true,false,true,false,false,false,false,false,true,false,false,false,true,true,false,false,true,true,false,false,true,true,true,false,false,false,false,false,true,false,true,false,false,true,false,false,true,false,false,false,true,false,false,false,false,true,true,false,false,true,false,false,false,true,false,false,false,true,true,false,false,false,false,true,false],"unobstructed":[false,false,true,true,false,true,false,false,false,false,true,false,false,false,false,false,false,false,false,false,false,false,false,false,false,false,false,false,false,false,false,false,false,true,false,false,false,false,false,false,false,false,false,false,false,false,false,false,false,false,false,false,false,false,false,false,false,false,true,false,false,false,false,false,false,false,false,false,false,false,false,false,false,false,false,false,false],"height":1.454495643292384},{"image_id":"b29274ad819d4011aab6f538373d0ee1","pose":[-0.997169,-0.00836646,0.0747133,3.6274,-0.0749098,0.0263015,-0.996843,-1.1777,0.00637524,-0.999619,-0.0268528,1.45422,0,0,0,1],"included":true,"visible":[false,false,true,true,false,true,false,false,false,false,true,false,true,false,false,false,false,true,false,false,true,false,false,true,true,false,false,false,true,true,false,true,false,false,true,false,false,true,false,false,false,false,false,false,false,true,false,false,false,false,false,false,true,false,false,false,false,false,true,true,true,true,false,false,false,true,false,false,false,true,false,false,true,true,false,true,false],"unobstructed":[false,false,false,false,false,false,false,false,false,false,false,false,true,false,false,false,false,false,false,false,false,false,false,false,false,false,false,false,true,true,false,false,false,false,false,false,false,false,false,false,false,false,false,false,false,false,false,false,false,false,false,false,false,false,false,false,false,false,false,false,false,false,false,false,false,true,false,false,false,true,false,false,false,false,false,false,false],"height":1.468129986886619},{"image_id":"12eaa3a3a39e4c9fa5106812cb7da084","pose":[0.627653,0.0101503,-0.778426,16.424,0.778382,0.00862003,0.627731,-1.33661,0.013082,-0.999911,-0.00248938,1.46022,0,0,0,1],"included":true,"visible":[false,true,true,false,false,true,false,true,false,true,true,false,true,false,false,false,false,false,false,false,false,true,false,false,true,false,false,false,true,true,false,true,false,false,true,false,false,false,true,false,false,false,true,false,false,true,false,false,true,false,false,false,true,false,false,true,false,false,true,false,false,true,false,false,false,true,false,false,false,false,true,false,false,false,false,true,false],"unobstructed":[true,false,true,false,false,false,false,false,false,false,true,false,false,false,false,false,false,false,false,false,false,false,false,false,false,false,false,false,false,false,false,true,false,false,false,false,false,false,false,false,false,false,false,false,false,false,false,false,true,false,false,false,true,false,false,false,false,false,false,false,false,false,false,false,false,false,false,false,false,false,false,false,false,false,false,true,false],"height":1.4575300088552223},{"image_id":"4ebc0f4d023c482ca72e8129ca042c13","pose":[-0.796413,-0.00300288,-0.604745,9.47533,0.604393,0.0304776,-0.796102,1.56885,0.0208221,-0.999531,-0.0224568,1.47916,0,0,0,1],"included":true,"visible":[true,true,true,true,false,false,false,true,false,true,true,false,false,false,true,false,false,true,false,true,false,false,false,false,true,true,false,false,true,true,false,true,false,true,false,true,false,true,true,true,false,true,true,false,false,false,false,false,false,true,false,false,false,false,false,true,false,true,false,false,true,false,false,true,false,false,false,false,false,true,true,false,false,false,false,true,false],"unobstructed":[false,false,false,false,false,false,false,true,false,true,false,false,false,false,false,false,false,false,false,false,false,false,false,false,true,false,false,false,false,false,false,false,false,false,false,false,false,true,false,false,false,false,true,false,false,false,false,false,false,true,false,false,false,false,false,false,false,false,false,false,false,false,false,true,false,false,false,false,false,false,true,false,false,false,false,false,false],"height":1.472806188169993},{"image_id":"183ac7f2f1eb4905bee16fbb5e4155bd","pose":[-0.99997,-0.00496651,-0.00586736,10.7931,0.00577313,0.0187142,-0.999808,7.55982,0.00507563,-0.999812,-0.018684,1.48049,0,0,0,1],"included":true,"visible":[false,false,false,false,false,false,false,false,true,true,false,false,false,true,false,false,false,false,false,true,false,false,false,false,false,false,false,false,false,false,false,false,false,false,true,false,false,true,false,true,false,false,false,false,false,false,false,false,false,true,false,false,false,false,false,false,true,false,false,false,false,false,false,false,false,false,false,false,false,false,true,true,false,false,false,false,false],"unobstructed":[false,false,false,false,false,false,false,false,false,false,false,false,false,true,false,false,false,false,false,false,false,false,false,false,false,false,false,false,false,false,false,false,false,false,false,false,false,false,false,true,false,false,false,false,false,false,false,false,false,false,false,false,false,false,false,false,true,false,false,false,false,false,false,false,false,false,false,false,false,false,false,true,false,false,false,false,false],"height":1.4741072603161938},{"image_id":"c5c6bc7725e44fbf9cdb474aef50a74b","pose":[0.563503,-0.0110215,0.826041,26.3982,-0.826044,-0.0205138,0.563232,1.09631,0.0107378,-0.999728,-0.0206628,0.589604,0,0,0,1],"included":true,"visible":[false,false,false,false,false,true,false,false,false,false,false,false,false,false,false,false,false,false,true,false,false,false,false,false,false,false,false,false,false,false,true,false,false,false,true,false,false,true,false,false,false,false,false,false,true,true,true,true,false,false,false,true,true,true,false,false,false,false,true,false,false,false,true,true,false,false,false,true,true,false,false,false,false,false,false,false,true],"unobstructed":[false,false,false,false,false,false,false,false,false,false,false,false,false,false,false,false,false,false,false,false,false,false,false,false,false,false,false,false,false,false,false,false,false,false,false,false,false,false,false,false,false,false,false,false,true,false,false,false,false,false,false,false,false,false,false,false,false,false,false,false,false,false,true,false,false,false,false,false,true,false,false,false,false,false,false,false,false],"height":1.4593565248688871},{"image_id":"96c723cbe63d489295a0cc3a99438f08","pose":[-0.836044,-0.0221627,0.548214,11.1692,-0.548648,0.026793,-0.835624,3.22646,0.00383164,-0.999395,-0.0345586,1.48159,0,0,0,1],"included":true,"visible":[false,true,false,true,false,false,false,false,false,true,true,false,true,false,false,false,false,false,false,true,false,false,false,false,false,false,false,false,false,false,false,false,false,false,true,true,false,false,true,true,false,true,true,false,false,true,false,false,true,true,false,false,false,true,false,false,false,false,false,true,false,false,false,true,false,false,true,false,false,false,true,false,true,true,false,false,false],"unobstructed":[false,false,false,false,false,false,false,false,false,false,false,false,false,false,false,false,false,false,false,false,false,false,false,false,false,false,false,false,false,false,false,false,false,false,true,false,false,false,false,true,false,false,false,false,false,true,false,false,false,true,false,false,false,false,false,false,false,false,false,false,false,false,false,true,false,false,false,false,false,false,true,false,false,false,false,false,false],"height":1.4660985835544174},{"image_id":"b6adc65d8f474cb5936220f90648b958","pose":[0.483113,0.0204005,-0.87532,-0.78123,0.875367,0.0095687,0.483362,-1.48287,0.0182368,-0.999746,-0.0132342,1.44222,0,0,0,1],"included":true,"visible":[false,false,true,false,false,true,true,true,false,false,false,false,false,false,false,false,false,true,false,false,true,false,false,false,false,false,false,false,true,true,false,true,false,true,true,false,false,false,false,false,false,true,false,false,false,false,false,false,false,false,false,false,true,true,false,false,false,false,true,false,false,false,false,false,false,false,false,false,false,true,false,true,false,true,false,false,false],"unobstructed":[false,false,false,false,false,false,true,false,false,false,false,false,false,false,false,false,false,false,false,false,true,false,false,false,false,false,false,false,true,false,false,false,false,false,false,false,false,false,false,false,false,false,false,false,false,false,false,false,false,false,false,false,false,false,false,false,false,false,false,false,false,false,false,false,false,true,false,false,false,true,false,false,false,false,false,false,false],"height":1.4697190329528131},{"image_id":"a31805b1b6dc4947a9cf22f16850a142","pose":[-0.999289,-0.014946,0.0345807,10.5524,-0.0349026,0.0218138,-0.999152,6.03375,0.0141793,-0.99965,-0.0223189,1.48887,0,0,0,1],"included":true,"visible":[false,true,false,false,false,false,false,false,false,true,false,false,false,false,false,false,false,false,false,true,false,false,false,false,false,false,false,false,false,false,false,false,false,false,true,true,false,true,false,false,false,false,false,false,false,false,false,false,false,true,false,false,false,false,false,false,true,false,false,false,false,false,false,false,false,false,false,false,false,false,true,false,false,false,false,false,false],"unobstructed":[false,false,false,false,false,false,false,false,false,false,false,false,false,false,false,false,false,false,false,false,false,false,false,false,false,false,false,false,false,false,false,false,false,false,false,true,false,true,false,false,false,false,false,false,false,false,false,false,false,true,false,false,false,false,false,false,true,false,false,false,false,false,false,false,false,false,false,false,false,false,false,false,false,false,false,false,false],"height":1.4706277910732168},{"image_id":"3d409564a59c44ea84fd79ddc8aa4fc9","pose":[0.601991,-0.00300976,0.798496,23.733,-0.79849,-0.00756861,0.601959,-1.94291,0.00423203,-0.999966,-0.0069585,0.586252,0,0,0,1],"included":true,"visible":[true,false,true,false,false,false,false,false,false,false,true,true,false,false,false,false,true,false,true,false,false,false,false,false,false,true,true,false,false,false,false,true,false,false,true,false,false,false,false,false,false,false,false,false,false,true,true,true,false,false,true,true,false,false,false,false,false,true,false,false,false,false,false,false,true,false,false,true,false,false,false,false,true,false,true,true,false],"unobstructed":[false,false,false,false,false,false,false,false,false,false,false,true,false,false,false,false,false,false,false,false,false,false,false,false,false,true,true,false,false,false,false,false,false,false,false,false,false,false,false,false,false,false,false,false,false,false,false,false,false,false,true,false,false,false,false,false,false,false,false,false,false,false,false,false,true,false,false,false,false,false,false,false,false,false,false,false,false],"height":1.4565999938689844},{"image_id":"6305bc16b5c342fea87e0a5ede50f960","pose":[0.433576,0.0128973,-0.901024,6.24791,0.901002,0.00968521,0.433705,-2.8307,0.0143205,-0.99987,-0.00742023,1.46039,0,0,0,1],"included":true,"visible":[false,false,true,false,false,true,true,false,true,true,false,false,true,false,true,false,false,false,false,true,false,false,false,true,true,false,false,false,true,false,false,false,false,false,true,false,false,false,false,false,false,false,false,false,false,false,false,false,false,true,false,false,true,true,false,false,false,false,true,true,false,true,false,true,false,true,true,false,false,false,true,false,true,true,false,false,false],"unobstructed":[false,false,false,false,false,false,false,false,false,true,false,false,true,false,false,false,false,false,false,true,false,false,false,true,false,false,false,false,false,false,false,false,false,false,false,false,false,false,false,false,false,false,false,false,false,false,false,false,false,false,false,false,false,false,false,false,false,false,false,false,false,false,false,false,false,false,false,false,false,false,false,false,false,false,false,false,false],"height":1.468422272917105},{"image_id":"6944cb3d349a424899b2ed5b4c972763","pose":[-0.967645,-0.00428019,-0.252275,7.90399,0.252024,0.0312384,-0.967216,0.26669,0.0120208,-0.999502,-0.029148,1.46371,0,0,0,1],"included":true,"visible":[true,false,true,false,false,false,true,true,true,true,true,false,false,false,false,false,false,false,false,true,true,false,false,false,true,false,false,false,true,true,false,true,false,true,true,false,false,true,false,false,false,false,false,false,false,false,false,false,false,true,false,false,true,false,false,true,false,false,false,false,false,true,false,false,false,false,false,false,false,true,true,false,false,false,false,true,false],"unobstructed":[false,false,false,false,false,false,false,true,false,true,false,false,false,false,false,false,false,false,false,true,false,false,false,true,true,false,false,false,false,false,false,false,false,false,true,false,false,false,false,false,false,false,false,false,false,false,false,false,false,false,false,false,false,false,false,false,false,false,false,false,false,false,false,true,false,false,false,false,false,false,true,false,false,false,false,false,false],"height":1.4575511731088673},{"image_id":"56816d70daff465b9fbdf63c41479d22","pose":[0.792512,0.0093503,-0.609783,14.4267,0.609854,-0.0139906,0.79239,6.54937,-0.00112185,-0.999858,-0.016789,1.47091,0,0,0,1],"included":true,"visible":[true,false,false,false,true,false,false,false,false,false,false,false,false,false,false,false,false,false,false,false,false,false,true,false,false,false,false,false,false,false,false,false,false,false,false,false,false,false,false,false,false,false,false,false,false,false,false,false,false,false,true,false,false,false,false,false,false,false,true,false,false,false,false,false,true,false,false,false,false,false,false,false,false,false,false,true,false],"unobstructed":[false,false,false,false,true,false,false,false,false,false,false,false,false,false,false,false,false,false,false,false,false,false,true,false,false,false,false,false,false,false,false,false,false,false,false,false,false,false,false,false,false,false,false,false,false,false,false,false,false,false,false,false,false,false,false,false,false,false,false,false,false,false,false,false,false,false,false,false,false,false,false,false,false,false,false,false,false],"height":1.4550744212446878},{"image_id":"227efb9ab28046fcb020e116f7364b4a","pose":[-0.997434,-0.0089612,-0.0710119,27.5843,0.0709402,0.00804892,-0.997448,-0.345735,0.00951016,-0.999927,-0.00739156,0.589409,0,0,0,1],"included":true,"visible":[true,false,false,false,false,false,false,false,false,true,true,false,false,false,false,false,false,false,false,false,false,false,false,false,false,true,true,false,false,false,false,false,false,false,false,false,true,true,false,false,false,false,false,false,false,true,false,false,false,false,false,true,true,true,false,false,false,true,true,false,false,true,false,false,true,false,false,false,true,true,true,false,false,false,true,true,false],"unobstructed":[false,false,false,false,false,false,false,false,false,false,false,false,false,false,false,false,false,false,false,false,false,false,false,false,false,true,false,false,false,false,false,false,false,false,false,false,true,false,false,false,false,false,false,false,false,false,false,false,false,false,false,false,false,false,false,false,false,true,false,false,false,false,false,false,false,false,false,false,true,false,false,false,false,false,false,false,false],"height":1.4636727539704009},{"image_id":"5377d17e2a4d4a28abf16709e02e97a9","pose":[-0.514817,-0.0307909,0.856747,13.3556,-0.857148,-0.000260302,-0.515068,3.11804,0.0160827,-0.999525,-0.0262573,1.49124,0,0,0,1],"included":true,"visible":[false,false,false,true,false,true,false,true,false,true,true,false,false,false,false,false,false,false,false,true,false,false,false,false,true,false,false,false,false,false,false,true,true,true,false,false,true,true,true,false,false,true,true,false,false,false,false,false,false,false,false,false,false,true,false,false,false,false,false,true,false,false,true,true,false,false,true,false,false,false,false,false,true,true,false,false,false],"unobstructed":[false,false,false,false,false,true,false,false,false,false,true,false,false,false,false,false,false,false,false,false,false,false,false,false,false,false,false,false,false,false,false,false,false,false,false,false,false,true,false,false,false,false,false,false,false,false,false,false,false,true,false,false,false,true,false,false,false,false,false,false,false,false,false,false,false,false,false,false,false,false,false,false,false,false,false,false,false],"height":1.4756110513824332},{"image_id":"42913b04e9ae46119b6463db48e36c02","pose":[0.433859,-0.00732479,-0.90095,21.7589,0.900935,0.0134765,0.433743,1.35958,0.00896482,-0.999882,0.0124471,0.854632,0,0,0,1],"included":true,"visible":[false,false,false,false,false,true,false,true,false,false,true,true,false,false,false,false,true,false,true,false,false,false,false,false,true,false,true,true,false,false,true,false,true,false,false,false,true,false,false,false,false,false,true,false,false,true,false,true,false,false,true,true,true,true,false,false,false,false,true,false,false,true,true,false,true,false,false,true,false,true,true,false,false,false,false,false,true],"unobstructed":[false,false,false,false,false,false,false,false,false,false,false,true,false,false,false,false,true,false,false,false,false,false,false,false,false,false,false,true,false,false,false,false,false,false,false,false,false,false,false,false,false,false,false,false,false,false,false,false,false,false,false,false,false,false,false,false,false,false,false,false,false,false,false,false,false,false,false,true,false,false,false,false,false,false,false,false,true],"height":1.5593674591403692},{"image_id":"3e1caa061ec04144a0eac5c40da7c04f","pose":[0.655947,-0.00872634,0.754756,22.3218,-0.75479,-0.0140346,0.655815,-5.44553,0.00487006,-0.999863,-0.0157915,0.598517,0,0,0,1],"included":true,"visible":[true,false,false,false,false,false,false,false,false,false,false,true,false,false,false,false,false,false,true,false,false,false,false,false,false,true,true,true,false,false,false,false,false,false,false,false,false,false,false,false,true,false,false,false,false,false,true,false,false,false,true,false,false,false,false,false,false,false,false,false,false,false,false,false,true,false,false,true,false,false,false,false,false,false,false,false,true],"unobstructed":[false,false,false,false,false,false,false,false,false,false,false,true,false,false,false,false,false,false,true,false,false,false,false,false,false,false,true,false,false,false,false,false,false,false,false,false,false,false,false,false,false,false,false,false,false,false,false,false,false,false,true,false,false,false,false,false,false,false,false,false,false,false,false,false,true,false,false,false,false,false,false,false,false,false,false,false,false],"height":1.464972042467918},{"image_id":"a0f5e86d93994b44811a47211797a1a6","pose":[-0.980607,-0.00315648,-0.195953,17.3518,0.195914,0.00989719,-0.980571,-2.63974,0.00503481,-0.999946,-0.00908585,1.4567,0,0,0,1],"included":true,"visible":[false,false,true,true,false,true,false,false,false,false,false,false,false,false,false,false,false,false,false,false,false,true,false,false,false,false,false,false,false,false,false,true,false,true,true,false,false,false,false,false,false,false,true,false,false,true,false,false,false,false,false,false,true,true,false,true,false,false,true,false,false,true,false,true,false,false,true,false,false,true,false,false,false,false,false,false,false],"unobstructed":[false,false,true,false,false,false,false,false,false,false,false,false,false,false,false,false,false,false,false,false,false,false,false,false,false,false,false,false,false,false,false,false,false,true,false,false,false,false,false,false,false,false,false,false,false,false,false,false,false,false,false,false,true,false,false,false,false,false,false,false,false,false,false,false,false,false,false,false,false,false,false,false,false,false,false,true,false],"height":1.465731858163951},{"image_id":"83404d7a12fc4749bf0cfff1e1e07987","pose":[-0.999869,-0.016097,0.00141074,10.4139,-0.00189437,0.0300521,-0.999546,4.4312,0.0160475,-0.999418,-0.0300776,1.48947,0,0,0,1],"included":true,"visible":[false,true,false,false,false,false,false,false,false,true,false,false,false,false,false,false,false,false,false,true,false,false,false,false,false,false,false,false,false,false,false,false,false,true,true,true,false,true,false,true,false,true,true,false,false,true,false,false,false,false,false,false,false,false,false,false,false,false,false,false,false,false,false,false,false,false,false,false,false,false,true,false,false,false,false,false,false],"unobstructed":[false,false,false,false,false,false,false,false,false,false,false,false,false,false,false,false,false,false,false,false,false,false,false,false,false,false,false,false,false,false,false,false,false,false,true,false,false,true,false,true,false,false,false,false,false,true,false,false,false,false,false,false,false,false,false,false,false,false,false,false,false,false,false,false,false,false,false,false,false,false,false,false,false,false,false,false,false],"height":1.4774158831305588},{"image_id":"deb30eecfa4e49198ba8473ee803622b","pose":[0.589685,0.0252718,-0.807237,24.2324,0.807566,-0.00568238,0.589749,-6.23399,0.0103173,-0.999664,-0.0237585,0.601197,0,0,0,1],"included":true,"visible":[true,false,false,false,false,false,false,false,false,false,false,true,false,false,false,false,true,false,true,false,false,false,false,false,false,false,true,true,false,false,false,false,false,false,false,false,false,false,false,false,true,false,false,true,false,false,true,true,false,false,false,false,false,false,true,false,false,false,false,false,false,false,false,false,true,false,true,true,false,false,false,false,false,false,true,false,false],"unobstructed":[false,false,false,false,false,false,false,false,false,false,false,false,false,false,false,false,false,false,true,false,false,false,false,false,false,false,false,false,false,false,false,false,false,false,false,false,false,false,false,false,true,false,false,false,false,false,false,true,false,false,false,false,false,false,false,false,false,false,false,false,false,false,false,false,true,false,false,false,false,false,false,false,false,false,false,false,false],"height":1.456499600247094},{"image_id":"6c86f8dd156142a1972e3c17310b6376","pose":[0.38066,0.00791028,-0.924681,20.7351,0.924712,-0.000991546,0.380665,1.64747,0.00209457,-0.999968,-0.00769116,1.37711,0,0,0,1],"included":true,"visible":[false,false,true,true,false,false,false,false,false,false,true,false,true,true,false,false,false,false,false,false,true,true,false,false,false,false,false,true,false,false,true,true,true,true,false,false,true,false,false,false,false,false,false,false,false,false,true,false,false,false,false,false,true,false,false,false,false,false,true,true,false,true,true,false,false,false,false,true,false,false,true,false,false,false,false,false,true],"unobstructed":[false,false,false,false,false,false,false,false,false,false,false,false,false,false,false,false,false,false,false,false,false,true,false,false,false,false,false,true,false,false,false,false,false,false,false,false,false,false,false,false,false,false,false,false,false,false,false,false,false,false,false,false,true,false,false,false,false,false,true,false,false,true,false,false,false,false,false,true,false,false,false,false,false,false,false,false,false],"height":1.5460766816888896},{"image_id":"cd504d23d03944a8bef4e4d8c4975cdc","pose":[0.479047,-0.0213435,0.877529,19.5403,-0.877782,-0.00777635,0.478996,1.34352,-0.00339921,-0.999742,-0.0224592,1.48677,0,0,0,1],"included":true,"visible":[false,true,true,true,false,false,false,true,false,false,true,false,false,true,false,false,false,false,false,false,true,true,false,false,true,false,false,false,true,false,true,true,true,true,false,false,true,false,false,false,false,false,true,false,false,false,true,false,false,false,false,false,false,false,false,false,false,false,true,false,false,true,true,false,false,false,true,true,false,true,true,false,false,true,false,true,true],"unobstructed":[false,false,true,false,false,false,false,false,false,false,false,false,false,false,false,false,false,false,false,false,false,true,false,false,false,false,false,false,false,false,false,false,false,true,false,false,false,false,false,false,false,false,false,false,false,false,false,false,true,false,false,true,false,false,false,false,false,false,true,false,false,true,false,false,false,false,true,true,false,false,false,false,false,false,false,true,false],"height":1.474419930665526},{"image_id":"cdf8c27ef42e466d90f49aca714a048b","pose":[-0.191953,-0.0225932,0.981144,15.6372,-0.981316,-0.00890312,-0.192192,3.11779,0.0130777,-0.999705,-0.0204611,1.49831,0,0,0,1],"included":true,"visible":[true,false,false,true,false,false,false,false,false,true,true,false,false,false,false,false,false,false,false,false,false,false,false,true,true,false,false,false,false,false,false,false,false,true,false,false,false,true,true,false,false,true,false,false,false,true,false,false,false,false,false,false,true,false,true,false,false,false,true,true,false,true,false,true,false,true,true,false,false,false,true,false,true,true,false,true,false],"unobstructed":[false,false,false,false,false,false,false,false,false,false,true,false,false,false,false,false,false,false,false,false,false,false,false,false,false,false,false,false,false,false,false,false,false,false,false,false,false,false,false,false,false,false,false,false,false,true,false,false,false,false,false,false,false,false,false,false,false,false,true,false,false,true,false,false,false,false,true,false,false,false,false,false,false,false,false,false,false],"height":1.4802855378504194},{"image_id":"f1bb3acca4ed4aada739514b1f2a44bd","pose":[-0.807748,-0.0133866,0.589375,16.3661,-0.589422,-0.000495789,-0.807825,4.62015,0.0111065,-0.99991,-0.00748889,1.47344,0,0,0,1],"included":true,"visible":[true,false,false,false,false,false,false,false,false,false,false,false,false,false,false,true,false,false,false,false,false,false,false,false,false,false,false,false,false,false,false,false,false,false,false,false,false,false,false,false,false,false,false,false,false,false,false,false,false,false,true,false,true,true,false,false,false,false,false,false,false,false,false,false,true,false,true,false,false,false,false,false,false,false,false,true,false],"unobstructed":[false,false,false,false,true,false,false,false,false,false,false,false,false,false,false,true,false,false,false,false,false,false,false,false,false,false,false,false,false,false,false,false,false,false,false,false,false,false,false,false,false,false,false,false,false,false,false,false,false,false,false,false,false,false,false,false,false,false,false,false,false,false,false,false,false,false,false,false,false,false,false,false,false,false,false,false,false],"height":1.457921127959005},{"image_id":"1d789dc0ab3a48c8aa051f006d8ae874","pose":[-0.0557122,0.0281035,-0.998051,4.89429,0.998362,0.0144969,-0.0553211,4.6141,0.0129142,-0.9995,-0.0288642,1.49274,0,0,0,1],"included":true,"visible":[false,false,false,true,false,false,true,false,true,false,true,false,true,false,true,false,false,false,false,false,false,false,false,true,true,false,false,false,false,false,false,false,false,false,true,false,false,false,false,false,false,true,false,false,false,false,false,false,false,false,false,false,false,false,false,false,false,false,false,false,false,false,false,true,false,true,false,false,false,false,false,true,true,false,false,false,false],"unobstructed":[false,false,false,false,false,false,false,false,true,false,false,false,false,false,true,false,false,false,false,false,false,false,false,false,false,false,false,false,false,false,false,false,false,false,false,false,false,false,false,false,false,false,false,false,false,false,false,false,false,false,false,false,false,false,false,false,false,false,false,false,true,false,false,false,false,false,false,false,false,false,false,false,true,false,false,false,false],"height":1.4665508664264235},{"image_id":"442842acfa87449da76aeffe232f79b5","pose":[-0.23925,0.0095033,-0.970911,12.3842,0.970956,0.00110292,-0.23925,7.98214,-0.00120256,-0.999954,-0.00949017,1.46366,0,0,0,1],"included":true,"visible":[false,false,false,false,false,false,false,false,true,false,false,false,false,true,false,false,false,false,false,false,false,false,true,false,false,false,false,false,false,false,false,false,false,false,false,true,false,false,false,true,false,false,false,false,false,false,false,false,false,false,false,false,false,false,false,false,false,false,false,false,false,false,false,false,false,false,false,false,false,false,false,true,false,false,false,false,false],"unobstructed":[false,false,false,false,false,false,false,false,false,false,false,false,false,true,false,false,false,false,false,false,false,false,false,false,false,false,false,false,false,false,false,false,false,false,false,true,false,false,false,true,false,false,false,false,false,false,false,false,false,false,false,false,false,false,false,false,false,false,false,false,false,false,false,false,false,false,false,false,false,false,false,false,false,false,false,false,false],"height":1.4598756538520807},{"image_id":"5c06622119ed4826a572db59737bbcde","pose":[0.944872,0.0151206,-0.327087,26.9852,0.327214,-0.00680027,0.944925,-2.54678,0.0120638,-0.999862,-0.011372,0.585959,0,0,0,1],"included":true,"visible":[true,false,true,false,false,false,false,false,false,false,true,true,false,false,false,false,true,false,false,false,false,false,false,false,false,true,false,false,false,false,false,true,false,false,true,false,false,false,false,false,true,false,false,false,true,false,false,false,false,false,false,true,false,false,false,false,false,false,false,false,false,true,false,true,false,false,true,false,true,false,false,false,false,false,true,true,false],"unobstructed":[false,false,false,false,false,false,false,false,false,false,false,false,false,false,false,false,false,false,false,false,false,false,false,false,false,true,false,false,false,false,false,false,false,false,false,false,false,false,false,false,false,false,false,false,true,false,false,false,false,false,false,false,false,false,false,false,false,false,false,false,false,false,false,false,false,false,false,false,false,false,false,false,false,false,false,false,false],"height":1.4582741994544717},{"image_id":"e48486bb391449b2becb28faf44e515a","pose":[-0.678087,-0.0317546,0.734294,17.7692,-0.734778,0.00581961,-0.678283,1.91482,0.0172655,-0.999478,-0.0272778,1.49376,0,0,0,1],"included":true,"visible":[true,true,true,true,true,false,false,false,false,false,true,false,false,false,true,false,false,false,false,false,false,true,false,false,false,false,false,false,true,true,true,true,false,true,false,false,true,false,false,false,false,false,true,true,false,false,false,false,false,false,false,false,true,true,true,false,false,false,false,false,false,true,true,false,true,false,true,false,false,true,false,false,false,false,false,true,true],"unobstructed":[true,false,true,false,false,false,false,false,false,false,false,false,false,false,false,false,true,false,false,false,false,true,false,false,false,false,false,false,false,false,false,true,false,false,false,false,false,false,false,false,false,false,false,false,false,false,false,false,false,false,false,true,true,true,false,false,false,false,false,false,false,true,false,false,false,false,true,false,false,false,false,false,false,false,true,true,false],"height":1.4720377267312321},{"image_id":"93d573750b644acfa31550dfa1073e68","pose":[0.0141839,0.0146888,-0.999791,-1.10314,0.999629,0.0229946,0.0145197,3.15839,0.0232033,-0.999627,-0.0143562,1.44653,0,0,0,1],"included":true,"visible":[false,false,true,false,false,false,true,false,false,false,false,false,true,false,false,false,false,false,false,false,false,false,false,false,false,false,false,false,true,true,false,false,true,true,false,false,false,true,true,false,false,false,false,false,false,true,false,false,false,false,false,false,false,true,false,false,false,false,false,false,false,false,false,true,false,false,true,false,false,false,false,false,true,true,false,false,false],"unobstructed":[false,false,false,false,false,false,false,false,false,false,false,false,false,false,false,false,false,false,false,false,false,false,false,false,false,false,false,false,true,false,false,false,false,false,false,false,false,false,false,false,false,false,false,false,false,false,false,false,false,false,false,false,false,false,false,false,false,false,false,false,false,false,false,false,false,false,false,false,false,false,false,false,false,true,false,false,false],"height":1.4640552809338998},{"image_id":"803fe63ef23e4c06809c1722bb3e198e","pose":[-0.996092,-0.0191887,0.0862071,6.87064,-0.0867752,0.031052,-0.995744,6.31136,0.0164304,-0.999333,-0.0325948,1.48845,0,0,0,1],"included":true,"visible":[false,false,false,false,false,false,false,false,true,false,false,false,false,false,false,false,false,false,false,false,false,false,false,false,false,false,false,false,true,false,false,false,false,false,true,false,false,false,false,false,false,false,false,false,false,false,false,false,false,false,false,false,false,false,false,false,false,false,false,false,false,false,false,true,false,false,false,false,false,false,true,true,true,false,false,false,false],"unobstructed":[false,false,false,false,false,false,false,false,true,false,false,false,false,false,false,false,false,false,false,false,false,false,false,false,false,false,false,false,false,false,false,false,false,false,false,false,false,false,false,false,false,false,false,false,false,false,false,false,false,false,false,false,false,false,false,true,false,false,false,false,false,false,false,false,false,false,false,false,false,false,false,true,false,false,false,false,false],"height":1.467993852832589},{"image_id":"96f74cf5e546437a8711fa4922e819bd","pose":[-0.622531,-0.0316298,0.781955,19.1051,-0.782354,0.000385958,-0.622833,2.72189,0.0193985,-0.999499,-0.0249849,1.48164,0,0,0,1],"included":true,"visible":[true,true,true,true,false,false,false,false,false,false,false,false,true,false,false,false,false,false,false,false,false,true,true,false,false,false,false,true,false,false,true,false,false,true,false,false,false,false,false,false,false,true,true,false,false,false,true,false,true,false,false,false,true,true,true,false,false,false,true,true,false,false,false,false,false,false,false,true,false,true,true,false,false,false,false,true,true],"unobstructed":[true,false,true,false,false,false,false,false,false,false,false,false,false,false,false,false,false,false,false,false,false,true,false,false,false,false,false,false,false,false,false,false,false,false,false,false,false,false,false,false,false,false,false,false,false,false,false,false,false,false,false,true,true,true,false,false,false,false,true,false,false,false,false,false,false,false,true,true,false,false,false,false,false,false,false,true,false],"height":1.4698275330325816},{"image_id":"acf55e0267824aef8e8b9ad200e36091","pose":[0.89094,0.0226525,-0.453553,24.9094,0.453779,-0.00579663,0.891095,1.25638,0.0175567,-0.999726,-0.0154427,0.593933,0,0,0,1],"included":true,"visible":[true,false,false,false,false,true,false,false,false,false,false,false,false,false,false,false,false,false,true,false,true,false,false,false,false,false,false,false,false,true,true,false,false,false,false,false,true,true,false,false,false,false,false,false,false,true,true,true,false,false,false,true,true,true,false,false,false,false,true,false,false,false,false,true,false,false,false,true,false,false,false,false,false,false,true,false,true],"unobstructed":[false,false,false,false,false,false,false,false,false,false,false,false,false,false,false,false,false,false,false,false,false,false,false,false,false,false,false,false,false,false,true,false,false,false,false,false,true,false,false,false,false,false,false,false,false,false,false,false,false,false,false,false,false,false,false,false,false,false,false,false,false,false,false,false,false,false,false,false,false,false,false,false,false,false,false,false,false],"height":1.4631856672332313},{"image_id":"6855b783e2f34c7981b90ddb5de81bd7","pose":[-0.717286,0.0101534,-0.696704,8.22452,0.696663,0.0286028,-0.716827,2.7608,0.0126497,-0.999539,-0.0275889,1.49387,0,0,0,1],"included":true,"visible":[true,true,true,true,false,false,false,false,true,true,false,false,false,false,true,false,false,false,false,true,false,false,false,false,true,false,false,false,true,false,false,true,false,true,true,false,false,true,true,false,false,false,true,false,false,true,false,false,false,false,false,false,false,true,false,true,false,true,false,true,false,false,false,false,false,false,true,false,false,false,true,false,false,false,false,true,false],"unobstructed":[false,false,false,false,false,false,false,false,true,false,false,false,false,false,true,false,false,false,false,true,false,false,false,false,false,false,false,false,false,false,false,false,false,false,true,false,false,true,false,false,false,false,true,false,false,false,false,false,false,false,false,false,false,false,false,false,false,false,false,false,false,false,false,false,false,false,false,false,false,false,true,false,true,false,false,false,false],"height":1.475724008820007},{"image_id":"4967e9252dec465db94b791223a67a2e","pose":[0.842095,0.0158912,-0.539093,23.0239,0.539286,-0.0125417,0.842029,-4.15452,0.00661999,-0.999795,-0.0191303,0.588805,0,0,0,1],"included":true,"visible":[true,false,false,false,false,false,false,false,false,false,false,true,false,false,false,false,true,false,true,false,false,false,false,false,false,true,true,true,false,false,false,false,false,false,false,false,false,false,false,false,true,false,false,true,true,false,true,true,false,false,true,false,false,true,true,false,false,false,true,false,false,false,false,false,false,false,true,true,false,false,false,false,false,false,true,true,false],"unobstructed":[false,false,false,false,false,false,false,false,false,false,false,true,false,false,false,false,true,false,false,false,false,false,false,false,false,true,true,true,false,false,false,false,false,false,false,false,false,false,false,false,true,false,false,false,false,false,false,true,false,false,true,false,false,false,false,false,false,false,false,false,false,false,false,false,false,false,false,false,false,false,false,false,false,false,true,false,false],"height":1.4542619189932169},{"image_id":"7856a3d706f7400bbdbd8410d40f832b","pose":[-0.990089,-0.00636004,-0.140292,2.73218,0.140081,0.026152,-0.989794,-2.71942,0.00996431,-0.999637,-0.0250009,1.45436,0,0,0,1],"included":true,"visible":[false,false,false,false,false,true,true,false,false,false,false,false,true,false,false,false,false,true,false,true,false,false,false,false,true,false,false,false,false,true,false,false,true,false,false,false,false,true,true,false,false,true,false,false,false,true,false,false,true,false,false,false,false,false,false,false,false,false,true,false,false,false,false,false,false,false,true,false,false,false,false,false,true,true,false,false,false],"unobstructed":[false,false,false,false,false,false,true,true,false,false,false,false,true,false,false,false,false,false,false,false,false,false,false,false,false,false,false,false,false,false,false,false,true,false,false,false,false,false,true,false,false,false,false,false,false,false,false,false,false,false,false,false,false,false,false,false,false,false,false,false,false,false,false,false,false,false,false,false,false,false,false,false,false,false,false,false,false],"height":1.4659630641143389},{"image_id":"3ced7afb8c244ddebbf8e9f8eaacb949","pose":[-0.203216,-0.0274449,0.978749,17.2781,-0.978958,-0.0132189,-0.20363,3.18953,0.0185269,-0.999536,-0.0241801,1.49591,0,0,0,1],"included":true,"visible":[true,true,true,false,true,false,false,false,false,true,false,false,true,false,false,false,false,false,false,false,false,false,false,false,false,false,false,true,false,false,false,false,false,true,false,false,false,true,false,false,false,true,false,false,false,true,false,false,false,false,true,false,true,true,true,false,false,true,true,true,false,true,false,true,true,true,false,false,false,false,true,false,true,true,false,true,false],"unobstructed":[false,false,true,false,false,false,false,false,false,false,false,false,false,false,false,false,false,false,false,false,false,false,false,false,false,false,false,false,false,false,false,false,false,false,false,false,false,false,false,false,false,false,false,false,false,false,false,false,false,false,false,false,true,true,false,false,false,false,true,false,false,true,false,false,false,false,false,false,false,false,false,false,false,false,false,false,false],"height":1.471381613860292},{"image_id":"9a0c4ca175e74e0aa31c73c3c82519dd","pose":[0.372675,-0.0157841,-0.927827,21.336,0.927961,0.0069715,0.372611,1.46355,0.000587301,-0.999851,0.0172462,1.0285,0,0,0,1],"included":true,"visible":[false,false,false,false,false,true,false,false,false,false,true,true,false,false,false,false,false,false,false,true,false,false,false,false,true,false,true,true,false,false,true,true,true,false,false,false,true,false,false,false,false,false,false,false,false,false,true,true,false,false,true,true,true,true,false,false,false,false,true,false,false,true,true,false,true,false,false,false,false,true,true,false,false,false,false,false,true],"unobstructed":[false,false,false,false,false,false,false,false,false,false,false,true,false,false,false,false,false,false,false,false,false,false,false,false,false,false,false,true,false,false,false,false,false,false,false,false,false,false,false,false,false,false,false,false,false,false,true,false,false,false,false,true,true,false,false,false,false,false,false,false,false,true,false,false,false,false,false,false,false,false,false,false,false,false,false,false,false],"height":1.545508272513266},{"image_id":"ba8b23a7aaeb463ba565174f9f44787a","pose":[0.580852,-0.0029859,0.814003,27.5692,-0.813987,-0.00930521,0.580807,1.9797,0.00584051,-0.999952,-0.00783443,0.580266,0,0,0,1],"included":true,"visible":[true,false,false,false,false,true,false,true,false,false,false,false,false,false,false,false,false,false,false,false,false,false,false,false,true,false,false,false,true,false,false,false,false,false,true,false,true,false,false,false,false,false,true,false,true,false,true,false,false,false,false,true,true,false,false,false,false,true,false,false,false,false,false,false,false,false,false,true,false,true,false,false,false,false,false,false,true],"unobstructed":[false,false,false,false,false,false,false,false,false,false,false,false,false,false,false,false,false,false,false,false,false,false,false,false,false,false,false,false,false,false,false,false,false,false,false,false,true,false,false,false,false,false,false,false,true,false,false,false,false,false,false,false,false,false,false,false,false,false,false,false,false,false,false,false,false,false,false,false,false,false,false,false,false,false,false,false,false],"height":1.4531630331460115},{"image_id":"ba985dab6c6c4e9793362db986a1adab","pose":[-0.00366849,0.0104253,-0.999939,0.0391417,0.999819,0.018667,-0.00347315,-0.113498,0.0186299,-0.999771,-0.0104908,1.44703,0,0,0,1],"included":true,"visible":[true,false,true,false,false,false,true,true,false,false,false,false,false,false,false,false,false,true,false,false,true,false,false,false,true,false,false,false,true,true,false,true,true,false,true,false,false,false,true,false,false,true,true,false,false,false,false,false,true,false,false,false,false,false,false,false,false,false,false,false,false,false,false,false,false,false,false,false,false,false,false,false,false,true,false,true,false],"unobstructed":[false,false,false,false,false,false,true,false,false,false,false,false,false,false,false,false,false,false,false,false,true,false,false,false,false,false,false,false,true,false,false,false,true,false,false,false,false,false,true,false,false,false,false,false,false,false,false,false,false,false,false,false,false,false,false,false,false,false,false,false,false,false,false,false,false,false,false,false,false,false,false,false,false,true,false,false,false],"height":1.4703634481704506},{"image_id":"c4df223ecc934eb2bea5b55b8e004a4f","pose":[-0.312002,-0.0163606,0.94994,9.45565,-0.949968,-0.0100372,-0.312185,-0.247001,0.0146425,-0.999815,-0.0124094,1.46791,0,0,0,1],"included":true,"visible":[true,false,true,false,false,true,false,true,false,true,true,false,false,false,false,false,false,false,false,true,true,false,false,false,true,false,false,false,true,true,false,true,false,false,true,true,false,false,true,true,false,true,true,false,false,false,false,false,false,true,false,false,true,true,false,false,false,false,false,false,false,true,false,true,false,false,true,false,false,false,false,false,false,false,false,true,false],"unobstructed":[false,false,false,true,false,false,false,false,false,true,false,false,false,false,true,false,false,false,false,true,false,false,false,false,true,false,false,false,false,false,false,false,false,false,true,false,false,true,false,false,false,false,true,false,false,false,false,false,false,false,false,false,false,false,false,false,false,false,false,false,false,false,false,true,false,false,false,false,false,false,false,false,false,false,false,false,false],"height":1.4612437130681413},{"image_id":"ba988deba1354f14bd4ce8569576e314","pose":[-0.967932,-0.0297553,0.24944,9.28401,-0.250137,0.0225419,-0.967948,7.9274,0.023179,-0.999303,-0.0292609,1.48314,0,0,0,1],"included":true,"visible":[false,false,false,false,false,false,false,false,true,false,false,false,false,true,false,false,false,false,false,false,false,false,false,false,false,false,false,false,false,false,false,false,false,false,false,true,false,false,false,false,false,false,false,false,false,false,false,false,false,false,false,false,false,false,false,true,true,false,false,false,true,false,false,false,false,false,false,false,false,false,false,false,false,false,false,false,false],"unobstructed":[false,false,false,false,false,false,false,false,true,false,false,false,false,false,false,false,false,false,false,false,false,false,false,false,false,false,false,false,false,false,false,false,false,false,false,true,false,false,false,false,false,false,false,false,false,false,false,false,false,false,false,false,false,false,false,false,false,false,false,false,true,false,false,false,false,false,false,false,false,false,false,false,false,false,false,false,false],"height":1.4787983783598302},{"image_id":"d4ecb79c2639408c845166b646262ece","pose":[-0.89946,0.00535247,-0.43697,4.43803,0.436929,0.0292924,-0.899018,2.66218,0.00798818,-0.999556,-0.028685,1.48753,0,0,0,1],"included":true,"visible":[true,false,false,true,false,false,false,false,false,false,true,false,true,false,true,false,false,true,false,true,true,false,false,false,true,false,false,false,true,false,false,true,true,true,false,false,false,true,true,false,false,false,true,false,false,true,false,false,false,false,false,false,false,true,false,true,false,false,false,true,false,false,false,true,false,true,true,false,false,true,true,false,false,true,false,true,false],"unobstructed":[false,false,false,false,false,false,false,false,false,false,false,false,false,false,true,false,false,true,false,false,false,false,false,false,false,false,false,false,false,false,false,false,false,false,false,false,false,false,false,false,false,false,false,false,false,false,false,false,false,false,false,false,false,false,false,true,false,false,false,false,false,false,false,true,false,false,false,false,false,false,false,false,false,true,false,false,false],"height":1.4743580393332874},{"image_id":"86958e49dad94db090a8dd520b4994a3","pose":[-0.0899612,0.0161752,-0.995814,1.21048,0.995716,0.0228736,-0.0895807,2.39116,0.0213291,-0.999607,-0.0181627,1.45705,0,0,0,1],"included":true,"visible":[false,false,false,false,false,false,true,false,false,false,true,false,true,false,true,false,false,true,false,false,false,false,false,true,false,false,false,false,true,false,false,false,true,true,false,false,false,true,true,false,false,false,true,false,false,true,false,false,false,false,false,false,false,true,false,false,false,false,false,true,false,false,false,true,false,false,true,false,false,true,true,false,true,false,false,false,false],"unobstructed":[false,false,false,false,false,false,false,false,false,false,false,false,false,false,false,false,false,true,false,false,false,false,false,false,false,false,false,false,true,false,false,false,false,false,false,false,false,false,false,false,false,false,false,false,false,false,false,false,false,false,false,false,false,false,false,false,false,false,false,true,false,false,false,false,false,false,false,false,false,true,false,false,true,false,false,false,false],"height":1.4727929077916322},{"image_id":"d179f4cb2d2d40b0b4fdf3d37da78f48","pose":[0.403388,0.0201602,-0.914806,20.513,0.91491,0.00717907,0.403592,-0.788496,0.0147042,-0.999771,-0.0155478,1.0194,0,0,0,1],"included":true,"visible":[true,false,true,false,false,true,false,true,false,false,true,true,false,false,false,false,true,false,false,false,true,false,false,false,true,true,false,true,true,true,true,true,false,false,true,false,false,false,false,false,true,false,true,true,false,false,false,false,false,false,true,false,false,false,true,false,false,true,true,false,false,false,false,false,true,false,true,false,false,false,true,false,true,false,false,true,true],"unobstructed":[true,false,false,false,false,false,false,false,false,false,false,false,false,false,false,false,true,false,false,false,false,false,false,false,false,false,false,true,false,false,false,false,false,false,false,false,false,false,false,false,false,false,false,false,false,false,false,false,false,false,false,false,false,false,false,false,false,false,true,false,false,false,false,false,true,false,false,false,false,false,false,false,false,false,false,false,true],"height":1.5522810510206657},{"image_id":"5bef72c3da8d49e4b62a50234fe97cb3","pose":[0.120923,-0.0210417,0.992439,19.0193,-0.99258,-0.0153593,0.120614,-0.18327,0.0127055,-0.99966,-0.0227419,1.47438,0,0,0,1],"included":true,"visible":[true,false,true,false,true,false,false,true,false,false,true,true,false,false,false,false,true,false,false,false,true,true,false,false,true,true,false,false,true,true,false,true,false,true,true,false,false,false,true,false,true,false,true,true,false,false,false,false,true,false,false,false,true,false,true,false,false,true,true,false,false,true,false,false,true,false,true,false,false,false,true,false,false,false,true,false,false],"unobstructed":[true,false,true,false,false,false,false,false,false,false,false,false,false,false,false,false,false,false,false,false,false,false,false,false,false,false,false,false,false,false,false,false,false,true,false,false,false,false,false,false,false,false,false,false,false,false,false,false,true,false,false,false,true,false,false,false,false,false,true,false,false,true,false,false,false,false,false,false,false,false,false,false,false,false,false,false,false],"height":1.472251634852596},{"image_id":"3e79242dcaa44114abe4ecb4d9ac5ba5","pose":[0.136794,0.00857119,-0.990562,22.5286,0.990563,0.00731263,0.136857,1.37928,0.00841691,-0.999936,-0.00748898,0.597766,0,0,0,1],"included":true,"visible":[false,false,false,false,false,true,false,true,false,false,false,true,false,false,true,false,true,false,false,false,false,false,false,false,true,false,false,true,true,true,true,false,false,false,false,false,true,true,false,false,false,false,true,false,false,false,true,true,false,false,true,true,true,true,false,false,false,false,true,false,false,true,true,false,true,false,false,true,false,true,false,false,false,false,true,false,false],"unobstructed":[false,false,false,false,false,false,false,false,false,false,false,false,false,false,false,false,true,false,false,false,false,false,false,false,false,false,false,true,false,false,true,false,false,false,false,false,false,false,false,false,false,false,false,false,false,false,true,false,false,false,false,false,false,false,false,false,false,false,false,false,false,false,false,false,false,false,false,false,false,false,false,false,false,false,true,false,false],"height":1.4631303696290543}]